date,consumer_sentiment,investor_sentiment
2015-01-01,-0.0036000000000000008,0.9721
2015-01-02,0.1529159420289855,
2015-01-03,0.04081395348837209,0.9961
2015-01-04,0.09096470588235295,
2015-01-05,0.19672580645161292,0.8481
2015-01-06,0.028724999999999997,
2015-01-07,0.1757912408759124,
2015-01-08,0.1351767441860465,
2015-01-09,0.2174470588235294,
2015-01-10,0.22583142857142857,0.9287
2015-01-11,0.2043722222222222,0.9788
2015-01-12,0.2524636363636364,0.7579
2015-01-13,0.1294964705882353,
2015-01-14,-0.0592608695652174,
2015-01-15,-0.18369117647058825,0.9957
2015-01-16,0.10165312499999998,
2015-01-17,0.24177692307692308,0.7845
2015-01-18,0.07975652173913043,0.9713
2015-01-19,0.09482105263157894,
2015-01-20,0.1760027027027027,
2015-01-21,-0.005472413793103446,0.9866
2015-01-22,-0.006480769230769236,0.9862
2015-01-23,0.3318892857142857,
2015-01-24,0.014449999999999998,
2015-01-25,0.17147,
2015-01-26,-0.01776578947368422,
2015-01-27,0.021952000000000003,
2015-01-28,-0.07918846153846155,0.5994
2015-01-29,0.027336111111111103,
2015-01-30,0.012469999999999995,
2015-01-31,0.1047,
2015-02-01,0.24529642857142858,
2015-02-02,0.10005517241379311,
2015-02-03,0.21829756097560976,
2015-02-04,0.24711379310344828,0.418
2015-02-05,0.12267407407407406,
2015-02-06,0.1706638888888889,
2015-02-07,0.24536296296296295,
2015-02-08,0.254495,
2015-02-09,0.28597222222222224,
2015-02-10,-0.0131528735632184,
2015-02-11,0.23463333333333333,
2015-02-12,0.06493714285714286,
2015-02-13,0.07559655172413793,
2015-02-14,0.2998,
2015-02-15,0.10676923076923076,
2015-02-16,0.17299310344827587,0.9451
2015-02-17,0.09451875,0.9826
2015-02-18,-0.03910799999999999,0.886
2015-02-19,0.12915714285714286,
2015-02-20,0.013989655172413795,
2015-02-21,0.14573214285714284,0.9349
2015-02-22,-0.07441250000000002,
2015-02-23,0.24700869565217393,
2015-02-24,0.08790833333333332,
2015-02-25,0.19525882352941176,
2015-02-26,0.09404848484848485,0.9943
2015-02-27,0.08596206896551727,
2015-02-28,0.06317391304347827,0.8074
2015-03-01,0.36197500000000005,
2015-03-02,0.06062000000000001,0.9458
2015-03-03,0.18958888888888886,0.9509
2015-03-04,0.10874,0.25315
2015-03-05,0.09308970588235294,
2015-03-06,0.12400277777777778,
2015-03-07,-0.062317500000000005,
2015-03-08,0.24074545454545457,
2015-03-09,0.2005487804878049,
2015-03-10,0.105435,0.9661
2015-03-11,0.11872432432432434,0.9947
2015-03-12,-0.11808541666666666,
2015-03-13,0.03846326530612245,
2015-03-14,0.0815125,
2015-03-15,0.15866363636363637,
2015-03-16,0.1465921568627451,
2015-03-17,0.20337105263157892,0.9301
2015-03-18,0.16696129032258067,
2015-03-19,0.13032916666666666,
2015-03-20,0.035637499999999996,0.8062
2015-03-21,0.039731578947368416,
2015-03-22,0.07871999999999998,
2015-03-23,-0.1240813559322034,0.9423
2015-03-24,0.18411999999999998,
2015-03-25,0.1575325581395349,
2015-03-26,0.133103125,
2015-03-27,0.2774235294117647,
2015-03-28,0.0712590909090909,
2015-03-29,0.29923333333333335,
2015-03-30,0.2854205128205128,0.9746
2015-03-31,0.025327272727272723,
2015-04-01,-0.04918591549295775,-0.4767
2015-04-02,0.23020000000000002,
2015-04-03,0.3346272727272727,
2015-04-04,0.10001052631578947,
2015-04-05,0.15608,
2015-04-06,0.14553518518518518,
2015-04-07,0.04257662337662338,
2015-04-08,0.2040269841269841,
2015-04-09,0.19844307692307692,
2015-04-10,0.0929625,0.9099
2015-04-11,-0.01658918918918919,
2015-04-12,0.3142344827586207,
2015-04-13,0.14131240310077517,
2015-04-14,0.10290222222222221,
2015-04-15,0.08488072289156626,0.985
2015-04-16,-0.3884042345276873,0.6823
2015-04-17,-0.2272370588235294,0.8313333333333333
2015-04-18,-0.09988651685393257,0.9531
2015-04-19,-0.1431251968503937,
2015-04-20,-0.05409565217391304,
2015-04-21,-0.03517573529411765,
2015-04-22,0.0921186274509804,0.0
2015-04-23,0.03576203703703704,-0.5423
2015-04-24,0.03596309523809524,0.9848
2015-04-25,0.1067920634920635,
2015-04-26,0.04368194444444445,0.0772
2015-04-27,-0.00011609195402298721,0.397875
2015-04-28,0.014025609756097563,0.918
2015-04-29,0.1779103896103896,-0.2741
2015-04-30,0.113422,
2015-05-01,0.05058529411764707,
2015-05-02,0.19879896907216496,
2015-05-03,0.006010588235294119,
2015-05-04,-0.04036204819277109,0.0
2015-05-05,-0.05123482142857143,0.72095
2015-05-06,0.0011878378378378405,
2015-05-07,-0.08420000000000001,
2015-05-08,-0.004500000000000003,
2015-05-09,0.07806949152542374,
2015-05-10,0.032101960784313724,
2015-05-11,0.17280535714285714,
2015-05-12,-0.04598181818181818,
2015-05-13,0.09312542372881355,0.6467999999999999
2015-05-14,-0.01286610169491526,0.9895
2015-05-15,-0.1947740740740741,
2015-05-16,-0.014659649122807036,
2015-05-17,0.06244186046511628,
2015-05-18,0.14761481481481484,0.87715
2015-05-19,-0.023038888888888893,
2015-05-20,0.18401052631578949,
2015-05-21,0.12725744680851064,
2015-05-22,0.19916,
2015-05-23,0.22838461538461538,0.4802
2015-05-24,-0.10092857142857144,
2015-05-25,0.137503125,0.8664999999999999
2015-05-26,0.13750983606557377,
2015-05-27,0.1872764705882353,
2015-05-28,-0.005982352941176476,-0.9796
2015-05-29,0.08014146341463414,
2015-05-30,0.10595294117647058,0.0
2015-05-31,0.09964285714285713,0.9949
2015-06-01,0.25207560975609755,
2015-06-02,0.12117066666666666,
2015-06-03,0.034515625,
2015-06-04,0.09660277777777777,-0.5994
2015-06-05,0.15262058823529412,
2015-06-06,-0.1044,
2015-06-07,-0.030206250000000004,
2015-06-08,0.053956097560975615,
2015-06-09,0.15606666666666666,
2015-06-10,0.05537021276595745,0.5542
2015-06-11,0.01283855421686747,
2015-06-12,0.2503078431372549,0.99055
2015-06-13,0.26333666666666666,
2015-06-14,-0.026606060606060612,0.9844
2015-06-15,0.07966530612244897,0.802
2015-06-16,0.2485417910447761,
2015-06-17,0.09921136363636363,
2015-06-18,0.21425510204081633,-0.0258
2015-06-19,0.2103809523809524,
2015-06-20,0.06254347826086956,
2015-06-21,0.24949230769230768,
2015-06-22,0.31350693069306934,
2015-06-23,0.08453064516129032,
2015-06-24,0.09513076923076924,0.9873
2015-06-25,0.06300493827160493,
2015-06-26,0.23031,
2015-06-27,0.13824444444444445,0.959
2015-06-28,0.1414108108108108,
2015-06-29,0.18202000000000002,
2015-06-30,0.27202615384615386,
2015-07-01,0.1276280701754386,
2015-07-02,0.1574122807017544,0.9909
2015-07-03,0.0397,
2015-07-04,0.26699375000000003,0.9661
2015-07-05,0.20274468085106384,0.8730800000000001
2015-07-06,0.13606764705882352,0.937
2015-07-07,-0.013435000000000006,
2015-07-08,0.07527281553398057,
2015-07-09,0.2493458823529412,0.71315
2015-07-10,0.12981206896551725,
2015-07-11,-0.07681359223300971,0.81525
2015-07-12,0.07643,0.9401333333333334
2015-07-13,0.08316724137931034,
2015-07-14,0.12901159420289854,0.9413
2015-07-15,0.27233809523809527,0.936
2015-07-16,0.25980888888888887,0.22125
2015-07-17,0.17582275862068966,
2015-07-18,0.15136435643564358,0.9515
2015-07-19,0.1959778846153846,
2015-07-20,0.13931932773109243,
2015-07-21,0.18862440944881892,
2015-07-22,0.18355108695652175,
2015-07-23,0.19223086419753088,0.6539666666666667
2015-07-24,0.2451655172413793,-0.0015499999999999958
2015-07-25,0.335537037037037,-0.8532
2015-07-26,0.196216,
2015-07-27,0.1353209677419355,0.72305
2015-07-28,0.21163793103448275,0.765
2015-07-29,0.2528166666666667,0.90035
2015-07-30,0.2844948717948718,0.7757499999999999
2015-07-31,0.17320238095238094,
2015-08-01,0.23313703703703706,0.9682
2015-08-02,0.17688571428571429,
2015-08-03,0.07145961538461539,0.8516
2015-08-04,0.15514313725490197,0.27985
2015-08-05,0.06972682926829267,-0.19434444444444446
2015-08-06,0.2179875,0.859
2015-08-07,0.3191340425531915,0.9193
2015-08-08,-0.053515151515151516,
2015-08-09,0.11492812499999999,0.9999
2015-08-10,-0.06840512820512822,
2015-08-11,0.004737499999999993,0.8326
2015-08-12,-0.09858924731182797,0.4767
2015-08-13,0.007810714285714287,0.8702000000000001
2015-08-14,-0.05876296296296296,0.26055000000000006
2015-08-15,-0.23363229166666666,0.7845
2015-08-16,-0.08724148936170215,0.6597
2015-08-17,-0.0014397058823529378,
2015-08-18,0.01502307692307692,
2015-08-19,0.2153175438596491,0.8460000000000001
2015-08-20,0.09573000000000001,0.6118
2015-08-21,0.06963818181818182,0.91255
2015-08-22,0.1364764705882353,
2015-08-23,-0.0002558139534883736,0.9905
2015-08-24,0.1506333333333333,
2015-08-25,0.08378378378378379,0.7022
2015-08-26,-0.08980909090909091,-0.16896666666666668
2015-08-27,-0.3029495145631068,
2015-08-28,-0.004448888888888886,
2015-08-29,-0.21352272727272725,
2015-08-30,-0.1392081081081081,0.72965
2015-08-31,0.033084615384615386,
2015-09-01,0.02959787234042553,0.9114500000000001
2015-09-02,0.14886097560975609,0.0
2015-09-03,-0.073425,0.2533
2015-09-04,0.017854411764705876,0.4019
2015-09-05,0.09193142857142855,0.6369
2015-09-06,0.11129666666666667,-0.5267
2015-09-07,-0.044822916666666664,-0.4939
2015-09-08,0.014574193548387092,
2015-09-09,0.06188412698412698,
2015-09-10,0.08542682926829268,
2015-09-11,0.08471388888888888,0.9906
2015-09-12,-0.03876333333333334,0.9104
2015-09-13,-0.04546511627906977,0.9517
2015-09-14,0.022993220338983048,
2015-09-15,0.005999999999999999,0.9725
2015-09-16,0.16680930232558142,
2015-09-17,0.08495405405405405,
2015-09-18,0.20077666666666666,-0.296
2015-09-19,0.03558717948717949,
2015-09-20,0.26809666666666665,
2015-09-21,0.2743042553191489,0.7964
2015-09-22,0.17694883720930232,0.22906666666666664
2015-09-23,0.102475,0.9966
2015-09-24,-0.09224324324324325,-0.7479
2015-09-25,-0.061409090909090906,
2015-09-26,0.11817000000000001,
2015-09-27,-0.14026470588235296,
2015-09-28,0.12027,
2015-09-29,0.31808947368421053,-0.20564999999999997
2015-09-30,0.10332758620689655,0.0
2015-10-01,0.2551975,0.9958
2015-10-02,0.11225609756097561,
2015-10-03,0.2867730769230769,0.9749
2015-10-04,0.10005,0.4939
2015-10-05,0.01771363636363636,
2015-10-06,0.08256666666666668,
2015-10-07,0.1761208333333333,
2015-10-08,0.15593513513513513,
2015-10-09,0.13136346153846154,
2015-10-10,0.12394594594594595,
2015-10-11,0.407096,
2015-10-12,0.11491395348837209,
2015-10-13,0.32724468085106384,0.19866666666666666
2015-10-14,-0.04689473684210527,0.9803999999999999
2015-10-15,0.06331746031746031,
2015-10-16,0.03618048780487804,0.8785
2015-10-17,0.07905714285714285,0.7845
2015-10-18,-0.2943069230769231,
2015-10-19,-0.13211654135338347,
2015-10-20,-0.300503125,0.0
2015-10-21,-0.03723176470588235,0.0258
2015-10-22,-0.15726641791044776,0.4918666666666667
2015-10-23,-0.08212016129032258,0.8487
2015-10-24,-0.07839583333333335,
2015-10-25,-0.1619109589041096,
2015-10-26,-0.09421808510638298,0.6016
2015-10-27,0.029345901639344266,
2015-10-28,-0.04545820895522388,
2015-10-29,-0.13181170212765958,-0.4679
2015-10-30,-0.022553623188405796,0.119
2015-10-31,-0.035645652173913044,
2015-11-01,0.053079166666666656,
2015-11-02,0.012795161290322581,0.5118
2015-11-03,-0.0851164705882353,0.20655
2015-11-04,-0.08500387596899225,0.39363333333333334
2015-11-05,0.01698796296296296,-0.32484999999999997
2015-11-06,-0.1533240875912409,0.25
2015-11-07,0.030982258064516124,0.5719
2015-11-08,-0.06948659793814434,
2015-11-09,-0.07954786324786325,
2015-11-10,-0.06919561403508773,-0.4939
2015-11-11,-0.08185673076923076,
2015-11-12,-0.04387058823529412,0.7086
2015-11-13,-0.1097345864661654,0.886
2015-11-14,0.028678181818181825,
2015-11-15,-0.14944411764705884,
2015-11-16,-0.1440620253164557,0.8126
2015-11-17,0.05158125,0.9828
2015-11-18,-0.014705797101449281,
2015-11-19,-0.02569866666666667,0.249
2015-11-20,0.068404,0.6769
2015-11-21,-0.1236,
2015-11-22,-0.08572500000000001,0.9382
2015-11-23,-0.09211206896551724,0.0
2015-11-24,-0.10891545454545455,
2015-11-25,-0.3261813333333333,0.5127
2015-11-26,-0.12267704918032787,
2015-11-27,-0.19222745098039215,-0.1779
2015-11-28,-0.032521176470588234,
2015-11-29,-0.0006922222222222318,
2015-11-30,0.009446017699115048,
2015-12-01,-0.16499999999999998,
2015-12-02,-0.19305533980582523,
2015-12-03,0.0038541284403669682,0.9946
2015-12-04,0.006777173913043468,0.9435
2015-12-05,-0.08672666666666667,
2015-12-06,0.06217073170731707,
2015-12-07,-0.09828835616438357,0.9552
2015-12-08,-0.15856174496644296,0.6008
2015-12-09,-0.05801818181818182,
2015-12-10,-0.08369430379746837,
2015-12-11,-0.04594444444444445,
2015-12-12,-0.020900847457627117,
2015-12-13,-0.03247931034482759,
2015-12-14,-0.017779190751445094,
2015-12-15,-0.13987653846153847,0.9882
2015-12-16,-0.172278,0.5719
2015-12-17,-0.09069482758620691,0.7003
2015-12-18,-0.10535550458715597,
2015-12-19,-0.052621925133689844,
2015-12-20,-0.1390345238095238,0.8553
2015-12-21,-0.0998169696969697,0.2294
2015-12-22,0.08266881720430108,0.9968
2015-12-23,0.1402573170731707,
2015-12-24,0.15082903225806452,0.5423
2015-12-25,-0.05419687499999999,
2015-12-26,0.17381764705882355,
2015-12-27,0.06714489795918367,
2015-12-28,0.019099999999999992,-0.45915
2015-12-29,-0.04528103448275862,0.8774
2015-12-30,0.042631249999999996,
2015-12-31,0.07517205882352941,0.9976499999999999
2016-01-01,0.1745265306122449,
2016-01-02,0.1405282608695652,
2016-01-03,-0.024879069767441864,
2016-01-04,0.17465614035087718,-0.4404
2016-01-05,0.03644235294117647,0.1334
2016-01-06,0.04084615384615385,0.6225333333333334
2016-01-07,-0.1173542372881356,0.9794
2016-01-08,-0.0516677966101695,0.6920999999999999
2016-01-09,0.27199999999999996,
2016-01-10,0.11974313725490195,
2016-01-11,0.07626470588235293,
2016-01-12,-0.005131481481481492,
2016-01-13,0.12798478260869564,
2016-01-14,0.02134242424242424,
2016-01-15,0.019730769230769225,0.23655
2016-01-16,-0.10391219512195121,0.5106
2016-01-17,0.41706400000000005,
2016-01-18,0.31973684210526315,0.3182
2016-01-19,0.04810952380952381,
2016-01-20,0.14370833333333333,
2016-01-21,0.2061795918367347,-0.013000000000000012
2016-01-22,0.2618951219512195,0.29373333333333335
2016-01-23,-0.041313636363636365,
2016-01-24,0.095759375,0.96305
2016-01-25,0.17403529411764707,
2016-01-26,0.012881818181818173,0.97975
2016-01-27,0.03414130434782609,0.9792
2016-01-28,-0.10941886792452832,-0.6682
2016-01-29,0.117855,
2016-01-30,0.06027179487179487,-0.09775
2016-01-31,0.1044,
2016-02-01,0.04867647058823529,
2016-02-02,0.12530363636363637,0.6375333333333334
2016-02-03,0.10998392857142858,0.9574499999999999
2016-02-04,0.26718333333333333,
2016-02-05,0.1079820512820513,0.2023
2016-02-06,0.1130235294117647,
2016-02-07,0.15743725490196078,
2016-02-08,-0.08492022471910113,-0.05604999999999999
2016-02-09,-0.0476875,0.541725
2016-02-10,0.13296101694915252,0.14365
2016-02-11,0.0904953488372093,0.443
2016-02-12,0.028680434782608687,0.9246
2016-02-13,0.07497884615384615,0.7523
2016-02-14,0.2804142857142857,
2016-02-15,0.10076571428571428,
2016-02-16,0.11226000000000001,
2016-02-17,0.057802816901408455,
2016-02-18,0.1700423076923077,
2016-02-19,-0.12349565217391305,0.20865
2016-02-20,0.1386375,
2016-02-21,0.04485238095238094,
2016-02-22,0.08491641791044777,
2016-02-23,0.06983333333333334,
2016-02-24,0.3343611111111111,
2016-02-25,0.128838,-0.6808
2016-02-26,0.048936363636363625,
2016-02-27,0.1154111111111111,0.9273
2016-02-28,0.022186666666666664,
2016-02-29,0.3100525,0.9432
2016-03-01,0.10211481481481481,-0.128
2016-03-02,-0.057913333333333344,
2016-03-03,0.0024907692307692274,0.998
2016-03-04,0.029667241379310347,
2016-03-05,-0.006883636363636369,
2016-03-06,0.011593750000000005,
2016-03-07,-0.10998205128205128,
2016-03-08,-0.14459047619047619,
2016-03-09,-0.1266658536585366,
2016-03-10,-0.31755193370165746,
2016-03-11,-0.2886287037037037,0.0772
2016-03-12,-0.022709090909090915,
2016-03-13,-0.011236666666666666,0.4767
2016-03-14,-0.038163333333333334,
2016-03-15,0.054326415094339615,
2016-03-16,0.10010192307692306,
2016-03-17,-0.081953125,
2016-03-18,-0.07869811320754717,0.8176
2016-03-19,-0.01587560975609756,
2016-03-20,0.29361627906976745,
2016-03-21,0.2598771428571428,0.9022
2016-03-22,0.04980465116279069,
2016-03-23,0.17875744680851063,0.8605499999999999
2016-03-24,-0.13929268292682928,0.8779
2016-03-25,-0.062173684210526325,
2016-03-26,-0.09298235294117647,
2016-03-27,0.071108,
2016-03-28,0.1540408163265306,0.03513333333333335
2016-03-29,0.01106444444444443,
2016-03-30,-0.16717500000000002,
2016-03-31,0.006168181818181808,0.9381
2016-04-01,-0.1107775,0.5665
2016-04-02,-0.03732500000000001,
2016-04-03,0.025541666666666667,
2016-04-04,-0.0407068493150685,
2016-04-05,-0.10263389830508474,0.6912499999999999
2016-04-06,-0.2358043165467626,-0.0267
2016-04-07,-0.18909676025917926,0.16555
2016-04-08,-0.1170236051502146,0.9869
2016-04-09,-0.12297114093959732,0.05595
2016-04-10,0.031211578947368417,-0.8885
2016-04-11,-0.1983386666666667,0.9942
2016-04-12,-0.21703467741935487,
2016-04-13,-0.13205728813559323,
2016-04-14,-0.14065443037974684,0.468
2016-04-15,-0.059939473684210536,0.8591
2016-04-16,-0.03801566265060242,
2016-04-17,-0.0948722891566265,
2016-04-18,-0.04609722222222223,0.9949
2016-04-19,-0.0216830985915493,-0.9858
2016-04-20,-0.0031524390243902506,
2016-04-21,-0.08172025316455697,
2016-04-22,-0.008648051948051952,0.9819
2016-04-23,0.018369411764705877,
2016-04-24,0.09473235294117646,0.48425
2016-04-25,-0.015078160919540236,
2016-04-26,-0.1613901960784314,0.9283
2016-04-27,-0.21147600000000003,0.9246
2016-04-28,-0.051532352941176474,0.9231
2016-04-29,-0.07155714285714286,
2016-04-30,-0.024951724137931047,
2016-05-01,-0.11926718750000001,
2016-05-02,-0.22262424242424245,
2016-05-03,-0.21330725806451614,
2016-05-04,-0.16334,0.9725
2016-05-05,-0.24198783783783784,
2016-05-06,-0.18866468085106386,0.30855
2016-05-07,-0.18345,-0.4404
2016-05-08,-0.12750214285714287,0.9051
2016-05-09,-0.12662185792349728,0.7096
2016-05-10,-0.11103972602739726,0.0386
2016-05-11,-0.11958333333333335,-0.7096
2016-05-12,-0.07104245283018869,0.9948
2016-05-13,-0.02939000000000001,-0.9959
2016-05-14,0.017502247191011226,
2016-05-15,-0.02375250000000001,
2016-05-16,0.04267978723404254,
2016-05-17,-0.12483076923076923,0.9857
2016-05-18,0.06825384615384615,
2016-05-19,-0.031698550724637675,
2016-05-20,0.02035384615384615,
2016-05-21,0.09133088235294118,
2016-05-22,0.11218571428571429,0.886
2016-05-23,0.062555,0.71895
2016-05-24,0.04724805194805194,
2016-05-25,0.0027746478873239304,0.9175
2016-05-26,0.11907027027027026,
2016-05-27,0.13038166666666667,
2016-05-28,0.029410526315789467,0.2940333333333333
2016-05-29,-0.08865531914893618,0.891
2016-05-30,0.081125,0.0
2016-05-31,-0.01161547619047619,
2016-06-01,0.0036305882352941177,0.9022
2016-06-02,0.20166633663366337,
2016-06-03,-0.09002207792207792,
2016-06-04,0.03792765957446809,0.9654
2016-06-05,0.004885964912280701,
2016-06-06,0.17994578313253012,
2016-06-07,0.24342,0.8545499999999999
2016-06-08,0.04819420289855072,
2016-06-09,0.058502409638554215,
2016-06-10,0.04826301369863014,
2016-06-11,0.1891642857142857,
2016-06-12,0.014965853658536586,-0.013900000000000023
2016-06-13,0.12301940298507463,
2016-06-14,0.04398823529411765,0.3806
2016-06-15,0.17114642857142856,0.88655
2016-06-16,0.13676206896551724,0.44325
2016-06-17,0.11957912087912088,
2016-06-18,0.02158225806451613,
2016-06-19,0.06826338028169014,
2016-06-20,0.060931818181818184,
2016-06-21,0.14209868421052632,
2016-06-22,0.062210891089108905,
2016-06-23,0.043874809160305346,0.9913
2016-06-24,-0.04504923076923077,0.031100000000000017
2016-06-25,0.16600612244897958,
2016-06-26,0.10422884615384616,-0.8451
2016-06-27,0.06560689655172414,
2016-06-28,0.012125862068965517,0.5994
2016-06-29,0.1861328125,
2016-06-30,0.033529687499999995,0.26103333333333334
2016-07-01,0.13297659574468085,0.0754
2016-07-02,0.11530882352941176,
2016-07-03,0.11169459459459459,
2016-07-04,0.14577647058823529,0.30345
2016-07-05,-0.0381056603773585,
2016-07-06,0.11559607843137254,0.95075
2016-07-07,-0.0007000000000000015,0.9395
2016-07-08,0.1052560975609756,
2016-07-09,0.026879487179487176,
2016-07-10,0.150978125,
2016-07-11,0.0465074074074074,
2016-07-12,0.1179125,0.6369
2016-07-13,0.25567142857142855,
2016-07-14,0.194565,0.9466
2016-07-15,-0.1277014705882353,
2016-07-16,-0.049883168316831684,
2016-07-17,-0.09379818181818182,
2016-07-18,-0.0601409090909091,0.9868
2016-07-19,0.16293023255813954,-0.1725
2016-07-20,0.06539107142857142,0.9584
2016-07-21,0.2446590909090909,0.79835
2016-07-22,-0.007697499999999994,
2016-07-23,0.13066756756756756,
2016-07-24,0.10584176706827308,
2016-07-25,0.0925842105263158,0.0
2016-07-26,0.12647272727272726,
2016-07-27,0.20675217391304349,
2016-07-28,0.03292173913043478,-0.9389
2016-07-29,0.12211132075471698,
2016-07-30,0.051515686274509795,
2016-07-31,0.07043684210526314,0.9961
2016-08-01,0.1480388888888889,
2016-08-02,0.14124262295081969,
2016-08-03,0.11514468085106382,0.7506
2016-08-04,0.14036829268292683,0.9972
2016-08-05,0.068065,-0.7394
2016-08-06,0.15484615384615383,
2016-08-07,0.10585081967213116,
2016-08-08,-0.02078225806451613,
2016-08-09,0.058499999999999996,0.04099999999999999
2016-08-10,-0.02621384615384615,-0.2023
2016-08-11,-0.01576301369863014,
2016-08-12,-0.1549769230769231,0.128
2016-08-13,-0.05193181818181818,
2016-08-14,-0.12278125000000001,
2016-08-15,-0.015833333333333335,
2016-08-16,0.025379310344827582,0.9022
2016-08-17,0.09053770491803277,
2016-08-18,-0.019406249999999993,
2016-08-19,0.06322658227848102,
2016-08-20,0.08758524590163934,
2016-08-21,0.07972954545454546,0.6928
2016-08-22,0.030914285714285714,
2016-08-23,0.02494716981132075,
2016-08-24,0.02888484848484848,
2016-08-25,0.006812987012987008,
2016-08-26,-0.01457333333333334,
2016-08-27,0.09200625,
2016-08-28,0.035332653061224475,
2016-08-29,0.05720555555555556,
2016-08-30,-0.09419807692307693,
2016-08-31,0.05247924528301886,0.8641
2016-09-01,-0.00985409836065574,
2016-09-02,0.094896,
2016-09-03,0.06428518518518518,
2016-09-04,0.20909574468085107,
2016-09-05,0.20284310344827586,0.05554999999999999
2016-09-06,0.11310754716981132,
2016-09-07,0.0302530612244898,
2016-09-08,0.11232835820895522,0.6919
2016-09-09,0.16450188679245284,
2016-09-10,0.05672777777777777,
2016-09-11,0.08064893617021276,
2016-09-12,0.22641666666666665,
2016-09-13,0.106944,
2016-09-14,0.008699999999999996,
2016-09-15,-0.004341818181818184,
2016-09-16,-0.051105333333333336,
2016-09-17,0.03648775510204081,
2016-09-18,0.08691395348837208,
2016-09-19,0.08051372549019607,
2016-09-20,0.04388571428571428,-0.87105
2016-09-21,0.020743859649122797,-0.4767
2016-09-22,-0.010489795918367349,0.8246
2016-09-23,-0.048382258064516126,0.9953
2016-09-24,0.07942884615384616,
2016-09-25,0.14072916666666666,
2016-09-26,0.015046666666666668,0.9989
2016-09-27,-0.10406304347826087,0.0
2016-09-28,-0.06917746478873239,-0.8313
2016-09-29,0.011308955223880592,0.1999
2016-09-30,-0.0014672727272727285,
2016-10-01,0.0726,
2016-10-02,-0.0540891891891892,
2016-10-03,0.02946071428571429,0.6995
2016-10-04,0.07865178571428573,0.67015
2016-10-05,-0.08103548387096775,
2016-10-06,0.07197551020408163,0.7653
2016-10-07,-0.0359904761904762,0.9877
2016-10-08,0.0015799999999999987,
2016-10-09,0.12506410256410255,0.7717
2016-10-10,-0.0067964285714285705,0.9371
2016-10-11,0.131,
2016-10-12,0.005668316831683164,
2016-10-13,-0.13248599033816427,0.9953
2016-10-14,-0.054533884297520666,
2016-10-15,-0.013637179487179485,
2016-10-16,0.055042857142857136,
2016-10-17,0.013591666666666663,0.9798
2016-10-18,0.07031666666666667,-0.33545
2016-10-19,0.024095959595959594,0.6915
2016-10-20,0.00041985815602836704,0.9451
2016-10-21,0.01389658119658119,0.0
2016-10-22,0.030950684931506853,0.998
2016-10-23,0.02981230769230769,
2016-10-24,-0.12633157894736843,
2016-10-25,-0.0653816091954023,0.9980333333333333
2016-10-26,-0.02258403361344538,0.9992
2016-10-27,0.05021030927835052,0.9975
2016-10-28,0.0451031746031746,
2016-10-29,0.11610000000000001,
2016-10-30,0.029437313432835815,
2016-10-31,0.10655138888888888,
2016-11-01,0.09436210526315789,
2016-11-02,0.06708163265306122,0.0
2016-11-03,0.05292736842105263,0.5719
2016-11-04,0.02569604519774011,
2016-11-05,0.009309352517985606,0.9789000000000001
2016-11-06,0.0710205128205128,
2016-11-07,-0.0010387096774193535,
2016-11-08,-0.0968853448275862,0.5952
2016-11-09,-0.00909428571428571,
2016-11-10,-0.05745833333333333,-0.4215
2016-11-11,-0.002549618320610691,0.9985999999999999
2016-11-12,0.03170933333333333,0.3399
2016-11-13,-0.029382456140350885,
2016-11-14,0.07149444444444444,0.9984
2016-11-15,0.16419325842696628,0.9384250000000001
2016-11-16,-0.018798947368421054,
2016-11-17,-0.014282978723404255,
2016-11-18,0.08115631067961165,
2016-11-19,0.07399615384615384,
2016-11-20,0.03443623188405796,
2016-11-21,0.060107692307692306,0.959
2016-11-22,0.0048509090909090915,
2016-11-23,0.09066907216494846,
2016-11-24,0.030117204301075267,
2016-11-25,-0.03574,0.996
2016-11-26,0.08864230769230769,0.9861
2016-11-27,-0.03528295454545454,-0.8481
2016-11-28,0.04829928571428571,-0.3818
2016-11-29,0.07135288461538461,
2016-11-30,0.012824999999999998,0.9970666666666667
2016-12-01,0.04220357142857142,0.9762
2016-12-02,0.015805982905982903,0.9998
2016-12-03,0.05141756756756757,0.3182
2016-12-04,0.0736991935483871,
2016-12-05,0.06550081967213114,0.26460000000000006
2016-12-06,-0.013054310344827586,
2016-12-07,-0.022210897435897436,
2016-12-08,-0.006122627737226278,0.8689
2016-12-09,0.030029292929292926,
2016-12-10,-0.025302097902097906,0.9674
2016-12-11,0.09792372881355932,
2016-12-12,0.12907928571428573,0.6404
2016-12-13,-0.06255,
2016-12-14,0.02407777777777778,0.9951
2016-12-15,0.13250833333333334,0.9863500000000001
2016-12-16,0.0056292993630573255,0.9972
2016-12-17,-0.002837272727272731,
2016-12-18,-0.030171666666666663,-0.73
2016-12-19,0.04337421875,0.9169
2016-12-20,0.0018648648648648626,
2016-12-21,-0.015426785714285716,
2016-12-22,-0.09368780487804877,-0.34
2016-12-23,0.16135714285714287,-0.35015
2016-12-24,0.20753777777777777,0.0
2016-12-25,0.06553255813953487,
2016-12-26,0.051803636363636364,
2016-12-27,0.2983206896551724,
2016-12-28,0.13680307692307694,0.062399999999999956
2016-12-29,0.2041609756097561,0.9993
2016-12-30,0.1346322033898305,0.69335
2016-12-31,0.03708536585365854,
2017-01-01,0.04947391304347826,
2017-01-02,0.06723809523809524,
2017-01-03,0.2009151515151515,
2017-01-04,0.12815000000000001,
2017-01-05,0.06392523364485982,0.8231999999999999
2017-01-06,0.04638493150684932,0.9909
2017-01-07,0.08282075471698114,
2017-01-08,0.16556923076923077,
2017-01-09,0.11908461538461539,0.4349
2017-01-10,0.08925432098765432,
2017-01-11,0.06277368421052631,
2017-01-12,0.07916923076923076,
2017-01-13,0.06171086956521739,0.51015
2017-01-14,0.039955,
2017-01-15,0.19683846153846155,
2017-01-16,0.1912931818181818,
2017-01-17,0.0575603448275862,0.006749999999999978
2017-01-18,0.14181363636363636,0.9962
2017-01-19,0.24817297297297297,0.98805
2017-01-20,0.24312647058823533,0.7543
2017-01-21,0.23726363636363637,
2017-01-22,0.11590208333333334,
2017-01-23,-0.1507656387665198,
2017-01-24,0.01712987012987013,
2017-01-25,0.03877047619047619,
2017-01-26,0.0904246913580247,0.9556
2017-01-27,-0.0018102564102564101,0.16975
2017-01-28,0.05444833333333333,
2017-01-29,0.027766071428571428,
2017-01-30,0.03259038461538462,0.7269
2017-01-31,0.1137661971830986,0.8348500000000001
2017-02-01,-0.11555666666666668,
2017-02-02,0.10819565217391304,
2017-02-03,0.111054,-0.1779
2017-02-04,0.24346285714285715,
2017-02-05,0.27399411764705883,
2017-02-06,0.13234056603773586,0.5267
2017-02-07,0.048005263157894745,0.9871000000000001
2017-02-08,0.02102058823529411,0.9232750000000001
2017-02-09,0.16472142857142855,0.0772
2017-02-10,0.142718,0.9725666666666667
2017-02-11,-0.2721814432989691,0.9962
2017-02-12,0.12031403508771929,
2017-02-13,0.007055737704918033,
2017-02-14,0.03368461538461538,
2017-02-15,0.0923917808219178,0.98785
2017-02-16,0.10881595744680851,
2017-02-17,-0.07743282442748092,
2017-02-18,-0.0018919354838709635,0.0
2017-02-19,0.12640645161290323,
2017-02-20,0.04656181818181818,
2017-02-21,0.006769318181818182,0.4987
2017-02-22,0.198412,
2017-02-23,0.0874377049180328,0.8672333333333334
2017-02-24,0.07142264150943396,
2017-02-25,0.17253571428571426,
2017-02-26,0.09416451612903226,
2017-02-27,0.3078170212765957,
2017-02-28,0.09750579710144927,
2017-03-01,0.07747,0.5719
2017-03-02,0.048386153846153836,-0.7579
2017-03-03,0.09339859154929576,0.9493
2017-03-04,-0.079084375,
2017-03-05,0.10923750000000002,
2017-03-06,0.08199615384615384,0.91
2017-03-07,0.111,0.9861
2017-03-08,0.07306481481481482,
2017-03-09,0.09979795918367347,0.9983
2017-03-10,0.029642105263157893,
2017-03-11,0.0911375,
2017-03-12,0.2248736842105263,
2017-03-13,0.19771702127659574,
2017-03-14,0.2121225806451613,0.923
2017-03-15,0.139434375,
2017-03-16,0.1840811320754717,0.97445
2017-03-17,0.32125681818181817,0.9524
2017-03-18,0.04788870967741936,0.9457333333333334
2017-03-19,0.2524508474576271,0.0
2017-03-20,0.2936546875,0.88415
2017-03-21,0.06258125,0.9992
2017-03-22,0.11518421052631578,
2017-03-23,0.0864070588235294,0.2871
2017-03-24,0.08896075949367088,0.9964
2017-03-25,0.1500240506329114,
2017-03-26,0.1404142857142857,
2017-03-27,0.02751176470588235,
2017-03-28,0.07776740331491713,0.0952
2017-03-29,0.032418243243243244,0.5267
2017-03-30,0.21423478260869563,
2017-03-31,0.206671875,0.9887
2017-04-01,-0.02596478873239436,
2017-04-02,-0.007771153846153841,
2017-04-03,0.09335,
2017-04-04,0.24388305084745762,0.9992
2017-04-05,0.29665084745762715,0.3066
2017-04-06,0.18344736842105264,0.0
2017-04-07,0.269774358974359,
2017-04-08,0.12097058823529411,
2017-04-09,0.017861290322580648,
2017-04-10,-0.048019774011299435,
2017-04-11,0.019957024793388428,0.9337
2017-04-12,0.15816666666666668,
2017-04-13,0.027685714285714293,
2017-04-14,-0.2104539534883721,
2017-04-15,-0.12143684210526315,0.7933
2017-04-16,-0.03453983050847457,
2017-04-17,-0.0521031746031746,0.4226
2017-04-18,0.18039712230215826,0.9994
2017-04-19,0.16533225806451612,0.9841
2017-04-20,0.13230204081632654,
2017-04-21,0.017383809523809524,0.9928
2017-04-22,-0.035546969696969695,
2017-04-23,-0.0012884615384615374,
2017-04-24,0.0017916666666666625,0.9919
2017-04-25,0.13241444444444445,
2017-04-26,0.14466206896551723,0.999
2017-04-27,0.15256,
2017-04-28,0.08902950819672131,0.10370000000000001
2017-04-29,0.1271779661016949,
2017-04-30,0.035583823529411765,
2017-05-01,0.11125753424657535,
2017-05-02,0.0875523076923077,
2017-05-03,0.28037702702702705,0.9939
2017-05-04,0.08167764705882352,
2017-05-05,0.05853577981651377,0.3309
2017-05-06,0.10335512820512821,
2017-05-07,0.031205494505494508,
2017-05-08,0.07367456140350877,0.9336
2017-05-09,0.08872941176470588,0.3148
2017-05-10,0.016860439560439564,-0.07843333333333331
2017-05-11,0.2709877551020408,-0.6908
2017-05-12,0.21212241379310345,
2017-05-13,0.1548376811594203,
2017-05-14,0.18575098039215687,
2017-05-15,0.11581186440677965,
2017-05-16,0.05926760563380282,0.9953
2017-05-17,0.13016545454545456,0.9554
2017-05-18,0.020952777777777775,0.9934
2017-05-19,0.12106363636363636,
2017-05-20,0.17631666666666665,
2017-05-21,0.1893745098039216,
2017-05-22,0.07319795918367347,
2017-05-23,0.13600344827586205,
2017-05-24,-0.0706310606060606,
2017-05-25,0.02344938271604938,0.886
2017-05-26,0.04581129032258065,0.9974
2017-05-27,0.013669767441860468,
2017-05-28,0.01908771929824562,
2017-05-29,0.04553968253968254,-0.296
2017-05-30,0.17087966101694918,
2017-05-31,0.1412170731707317,0.8402
2017-06-01,0.07477735849056603,
2017-06-02,-0.04827222222222222,0.765
2017-06-03,-0.08752641509433962,
2017-06-04,0.182146,
2017-06-05,0.23809318181818184,0.9987
2017-06-06,0.10373018867924529,0.9741
2017-06-07,0.09833384615384616,0.78885
2017-06-08,0.17008513513513512,
2017-06-09,0.065996,0.29725
2017-06-10,0.0833377551020408,0.296
2017-06-11,0.17949878048780488,0.6597
2017-06-12,0.11393214285714286,
2017-06-13,0.20541020408163269,
2017-06-14,0.07346527777777778,0.0
2017-06-15,0.03498133333333333,
2017-06-16,0.05110588235294118,0.9498500000000001
2017-06-17,0.13334805194805194,0.03720000000000001
2017-06-18,0.03335487804878049,0.4158
2017-06-19,0.06753466666666667,0.8109500000000001
2017-06-20,0.08423857142857143,0.4215
2017-06-21,0.020601086956521745,0.5224
2017-06-22,0.07201818181818181,0.9591000000000001
2017-06-23,0.1403625,0.06905
2017-06-24,0.17810923076923077,
2017-06-25,0.1337646153846154,0.8419000000000001
2017-06-26,0.19699285714285714,
2017-06-27,0.16887228915662653,
2017-06-28,0.23793947368421053,
2017-06-29,0.19922580645161292,-0.296
2017-06-30,0.0531483870967742,0.8733
2017-07-01,0.1533846153846154,0.9729
2017-07-02,0.09730877192982455,
2017-07-03,0.22291571428571427,0.8269500000000001
2017-07-04,0.15712,
2017-07-05,0.08661188118811881,0.9828
2017-07-06,0.15408148148148146,0.9896
2017-07-07,0.041207446808510635,0.0
2017-07-08,0.1514206106870229,
2017-07-09,0.1845686567164179,
2017-07-10,0.11327428571428572,-0.7425
2017-07-11,0.06600520833333333,0.0935
2017-07-12,0.11837118644067797,
2017-07-13,0.16831340206185566,0.9986
2017-07-14,0.1024965811965812,
2017-07-15,-0.07860923913043479,0.9468
2017-07-16,-0.18460833333333335,0.8979
2017-07-17,-0.015693478260869566,
2017-07-18,0.08108645833333333,0.6801
2017-07-19,0.04749896907216495,
2017-07-20,0.1250119658119658,
2017-07-21,0.12265888888888887,0.9984500000000001
2017-07-22,0.2036536231884058,0.6486
2017-07-23,0.010591315136476424,0.7351
2017-07-24,0.05603398692810457,0.5978666666666667
2017-07-25,0.09416901408450704,
2017-07-26,0.12549607843137253,0.9985
2017-07-27,0.09365,
2017-07-28,0.11956451612903227,-0.6908
2017-07-29,0.057995505617977526,
2017-07-30,0.06227011494252873,
2017-07-31,0.14673521126760564,0.6565333333333333
2017-08-01,0.15487948717948719,
2017-08-02,0.12711999999999998,
2017-08-03,0.15294155844155843,0.42605000000000004
2017-08-04,0.1482,0.9892
2017-08-05,0.14655357142857145,0.9984
2017-08-06,0.07404583333333332,
2017-08-07,0.11300222222222221,0.9919
2017-08-08,0.036323711340206184,0.28381666666666666
2017-08-09,0.09775545454545455,0.9126666666666666
2017-08-10,-0.052546666666666665,0.99465
2017-08-11,0.09841842105263159,0.3182
2017-08-12,0.08862264150943397,
2017-08-13,0.1687,0.9674
2017-08-14,0.16123968253968252,-0.0516
2017-08-15,0.24650461538461538,
2017-08-16,0.09697808219178082,0.34455
2017-08-17,0.04482999999999999,0.7133
2017-08-18,0.29425384615384614,
2017-08-19,0.08466724137931034,
2017-08-20,0.19187833333333335,
2017-08-21,0.09549090909090908,
2017-08-22,0.1517,0.8043
2017-08-23,0.08816739130434782,
2017-08-24,0.0903063492063492,0.02360000000000001
2017-08-25,0.11961481481481481,0.996
2017-08-26,0.25101351351351353,
2017-08-27,0.033019047619047615,
2017-08-28,0.0853313725490196,
2017-08-29,0.109875,0.6115
2017-08-30,0.162684375,
2017-08-31,0.0884125,0.836
2017-09-01,0.0014717948717948676,
2017-09-02,-0.010309756097560978,
2017-09-03,0.2142227272727273,
2017-09-04,-0.007535714285714283,
2017-09-05,0.06087272727272728,
2017-09-06,0.20494642857142858,-0.5574
2017-09-07,0.075546875,0.23615
2017-09-08,0.12207682926829269,-0.71775
2017-09-09,0.06962083333333333,0.3669
2017-09-10,0.188335593220339,-0.1027
2017-09-11,0.18374736842105263,0.9788
2017-09-12,0.2948276923076923,0.5574
2017-09-13,0.2587860465116279,
2017-09-14,0.28650526315789476,
2017-09-15,0.0891595744680851,0.82165
2017-09-16,-0.038367500000000006,
2017-09-17,0.08684999999999998,
2017-09-18,0.22904482758620692,0.926
2017-09-19,0.07604375000000001,0.891
2017-09-20,0.13603877551020407,0.9751
2017-09-21,0.13533,0.9349
2017-09-22,0.06748148148148148,-0.31160000000000004
2017-09-23,0.23091395348837207,
2017-09-24,0.16001764705882351,
2017-09-25,0.23650000000000002,
2017-09-26,0.11362968749999999,0.988
2017-09-27,0.1382805970149254,0.9831
2017-09-28,0.140352,0.7721
2017-09-29,0.19499375,
2017-09-30,0.1979725,0.9895
2017-10-01,0.22101818181818184,
2017-10-02,0.173045,
2017-10-03,0.18783880597014926,
2017-10-04,0.05281034482758621,
2017-10-05,0.1684072463768116,0.920975
2017-10-06,0.14282127659574467,0.9454666666666666
2017-10-07,0.15549166666666667,0.5267
2017-10-08,0.048235714285714285,0.9042
2017-10-09,0.05012393162393162,
2017-10-10,-0.21910522088353415,0.51555
2017-10-11,0.02455275590551181,
2017-10-12,0.08735890410958905,0.9186
2017-10-13,0.17180851063829786,0.44292
2017-10-14,0.1268063829787234,
2017-10-15,0.2956818181818182,
2017-10-16,0.13850350877192982,0.9964500000000001
2017-10-17,-0.034816513761467896,0.8587
2017-10-18,0.040692,
2017-10-19,0.12434761904761904,0.9970333333333334
2017-10-20,0.11505217391304348,
2017-10-21,0.150621568627451,
2017-10-22,0.12971428571428573,
2017-10-23,0.13337012987012986,
2017-10-24,0.1842080459770115,
2017-10-25,0.13522470588235294,-0.5267
2017-10-26,0.10366153846153846,0.7627
2017-10-27,0.13247538461538463,0.9979
2017-10-28,0.2269766666666667,
2017-10-29,0.2223359375,
2017-10-30,0.16790842105263157,
2017-10-31,0.14318865979381443,0.9643
2017-11-01,0.14412190476190476,0.8875
2017-11-02,0.024265137614678897,
2017-11-03,0.11664761904761906,
2017-11-04,0.15073636363636364,0.9979
2017-11-05,0.16579777777777777,
2017-11-06,0.07478098159509201,0.6640666666666667
2017-11-07,0.1328135593220339,0.58608
2017-11-08,0.23390624999999998,0.7759666666666667
2017-11-09,0.009803773584905657,
2017-11-10,0.08045977011494253,0.20740000000000003
2017-11-11,0.07932727272727273,
2017-11-12,0.2096972602739726,
2017-11-13,0.1933379746835443,
2017-11-14,0.11387777777777777,0.9994
2017-11-15,0.158615625,
2017-11-16,0.1443367088607595,
2017-11-17,-0.016704545454545458,0.5709
2017-11-18,-0.05938125000000001,0.2716
2017-11-19,0.05453116883116883,
2017-11-20,0.19559157894736842,
2017-11-21,0.1624890410958904,0.4588
2017-11-22,0.24430510204081632,0.0
2017-11-23,0.18395466666666666,-0.9734
2017-11-24,0.07357083333333334,
2017-11-25,0.14654142857142857,
2017-11-26,0.13327764705882353,0.9325
2017-11-27,0.12811195652173915,0.7845
2017-11-28,0.00045263157894736823,
2017-11-29,-0.19914635036496353,-0.6597
2017-11-30,-0.1737952879581152,
2017-12-01,-0.0929,
2017-12-02,0.021138095238095237,
2017-12-03,0.12200609756097561,
2017-12-04,-0.021167441860465118,0.2740666666666667
2017-12-05,0.1584578313253012,0.868
2017-12-06,0.12712127659574468,
2017-12-07,0.215458024691358,
2017-12-08,-0.03396315789473685,0.85105
2017-12-09,-0.045522448979591845,
2017-12-10,0.10398028169014084,
2017-12-11,-0.042478409090909094,
2017-12-12,-0.1379016,0.9862
2017-12-13,-0.0773057142857143,0.7436
2017-12-14,0.14196981132075473,0.55265
2017-12-15,-0.07240289017341041,0.730325
2017-12-16,-0.213075,-0.5106
2017-12-17,-0.15763899371069184,
2017-12-18,-0.031115568862275456,0.1591
2017-12-19,-0.10758654970760234,0.7184
2017-12-20,-0.08809453125,0.9705
2017-12-21,-0.14658803418803418,0.0
2017-12-22,-0.1516421568627451,
2017-12-23,0.05857777777777778,0.0
2017-12-24,-0.1041072463768116,
2017-12-25,-0.00535277777777778,
2017-12-26,-0.06467261904761905,0.0
2017-12-27,-0.15914,
2017-12-28,0.019622499999999998,
2017-12-29,-0.09652857142857142,
2017-12-30,0.11334729729729731,0.9899
2017-12-31,0.1258,0.9732
2018-01-01,-0.07584754098360656,
2018-01-02,0.027633333333333336,0.6628666666666666
2018-01-03,-0.0010100000000000029,0.49625
2018-01-04,-0.016775409836065576,
2018-01-05,0.09392631578947369,
2018-01-06,0.15329642857142858,
2018-01-07,0.10606507936507936,0.9849
2018-01-08,0.13949275362318841,0.9762
2018-01-09,0.17692692307692306,
2018-01-10,0.10086666666666666,
2018-01-11,0.2367,0.4106
2018-01-12,0.2001815789473684,0.2486
2018-01-13,0.12750833333333336,0.57335
2018-01-14,0.12288750000000001,
2018-01-15,-0.05959473684210526,0.9595
2018-01-16,0.048910389610389605,0.9774
2018-01-17,0.07453333333333333,-0.010050000000000003
2018-01-18,0.08185172413793103,
2018-01-19,0.07996666666666667,0.9545
2018-01-20,0.16438813559322035,0.1806
2018-01-21,0.03464418604651163,
2018-01-22,0.17207313432835822,
2018-01-23,0.16672708333333333,
2018-01-24,0.22666190476190476,0.9169
2018-01-25,0.2866242424242424,
2018-01-26,0.22542467532467533,0.4637
2018-01-27,0.10371730769230769,0.28695
2018-01-28,0.15945441176470587,0.2814
2018-01-29,0.348521568627451,-0.7447
2018-01-30,0.07459543378995434,0.99505
2018-01-31,0.0024294117647058783,0.33699999999999997
2018-02-01,0.19901048387096773,0.60388
2018-02-02,-0.10812941176470589,0.5468999999999999
2018-02-03,0.17804666666666666,0.9972
2018-02-04,-0.183219,
2018-02-05,-0.24775823754789272,0.9953
2018-02-06,-0.16181525423728815,0.6655
2018-02-07,-0.127379,0.07933333333333333
2018-02-08,0.01839134615384615,0.5308
2018-02-09,0.032542,0.07464
2018-02-10,0.10824647887323945,
2018-02-11,0.12607848101265823,0.9981
2018-02-12,0.12762755102040815,0.6561333333333333
2018-02-13,0.17530319148936171,0.5492
2018-02-14,0.05235934065934066,
2018-02-15,0.13278267716535433,-0.0772
2018-02-16,0.05865223880597015,0.69085
2018-02-17,0.048590780141843974,
2018-02-18,0.05183928571428572,0.6705
2018-02-19,0.11055555555555555,0.46655
2018-02-20,0.03115103448275862,0.9492
2018-02-21,0.1543971153846154,
2018-02-22,0.07031219512195122,0.8225
2018-02-23,0.031216923076923073,0.6935
2018-02-24,0.02253513513513513,
2018-02-25,0.21112857142857144,0.4195333333333333
2018-02-26,0.020725641025641027,0.9197
2018-02-27,0.14335660377358492,0.49063999999999997
2018-02-28,0.05736458333333334,0.9815999999999999
2018-03-01,0.011284693877551016,
2018-03-02,0.02741958762886597,0.9337333333333334
2018-03-03,0.18949638554216866,0.7900999999999999
2018-03-04,-0.03521604938271605,0.913
2018-03-05,0.1434574074074074,
2018-03-06,0.11608411214953272,0.8981
2018-03-07,0.048075,0.9477
2018-03-08,0.088728,0.9816
2018-03-09,0.0742190909090909,0.95765
2018-03-10,0.20249767441860464,0.9698
2018-03-11,0.0694170731707317,-0.023849999999999996
2018-03-12,-0.03984950495049506,0.6124
2018-03-13,0.05567466666666666,0.3359
2018-03-14,0.025686315789473682,0.7392
2018-03-15,-0.08261057692307693,0.0
2018-03-16,-0.10385942028985508,0.34676666666666667
2018-03-17,-0.12626074766355141,
2018-03-18,0.0351156862745098,
2018-03-19,-0.04371935483870968,0.7444
2018-03-20,0.09764220183486237,
2018-03-21,0.08964574468085107,0.989075
2018-03-22,0.10732857142857141,0.48765000000000003
2018-03-23,0.1936815789473684,0.9382
2018-03-24,-0.014373913043478272,
2018-03-25,0.10264927536231884,0.8074
2018-03-26,0.20183150684931506,0.4749
2018-03-27,0.1252897435897436,-0.0516
2018-03-28,0.13430823529411764,0.82562
2018-03-29,0.09789886363636363,0.7906
2018-03-30,0.0817471264367816,0.3612
2018-03-31,-0.004325287356321842,
2018-04-01,0.09955918367346939,0.1243
2018-04-02,-0.07958181818181818,
2018-04-03,-0.09275000000000001,0.26335
2018-04-04,0.05366,-0.5888
2018-04-05,-0.074675,0.993
2018-04-06,-0.034283695652173915,
2018-04-07,-0.06601833333333335,-0.7506
2018-04-08,-0.03633723404255319,
2018-04-09,-0.2395286764705882,-0.06014999999999998
2018-04-10,-0.20705374999999998,0.2553
2018-04-11,-0.05266909090909091,
2018-04-12,0.02888045977011494,0.7172
2018-04-13,0.015697959183673463,0.999
2018-04-14,-0.06664242424242425,
2018-04-15,-0.14253728813559324,
2018-04-16,-0.12663870967741936,
2018-04-17,0.016688235294117653,0.44460000000000005
2018-04-18,-0.027790196078431372,0.9094
2018-04-19,-0.12417763157894737,0.28276
2018-04-20,-0.014355932203389841,-0.9381
2018-04-21,-0.04644745762711864,
2018-04-22,-0.07518333333333332,0.9997
2018-04-23,-0.2063098765432099,0.5267
2018-04-24,-0.25532127659574466,
2018-04-25,-0.2592308510638298,0.9361
2018-04-26,-0.2986011363636364,0.9993
2018-04-27,-0.3812381294964029,0.8732500000000001
2018-04-28,-0.29196268656716423,
2018-04-29,-0.40007480916030536,0.9756
2018-04-30,-0.16454816753926704,0.7928999999999999
2018-05-01,-0.0990926406926407,0.7861333333333334
2018-05-02,-0.19524207317073172,0.9932
2018-05-03,-0.19061440000000002,
2018-05-04,-0.2484976377952756,0.9922
2018-05-05,-0.24088016528925618,
2018-05-06,-0.1397620253164557,
2018-05-07,-0.05630392156862746,0.31070000000000003
2018-05-08,-0.1200778761061947,0.36800000000000005
2018-05-09,-0.15770112359550562,0.14661666666666667
2018-05-10,-0.037304705882352955,
2018-05-11,-0.2923703703703704,0.9882
2018-05-12,-0.05249696969696971,
2018-05-13,-0.20604074074074075,0.0
2018-05-14,0.03604941176470588,-0.04844999999999999
2018-05-15,-0.09732435897435898,0.1843
2018-05-16,-0.24744081632653064,0.7676
2018-05-17,-0.10283428571428573,0.4767
2018-05-18,-0.13719636363636364,
2018-05-19,0.04678478260869565,
2018-05-20,-0.005136956521739127,-0.9059
2018-05-21,-0.10016041666666668,0.56465
2018-05-22,-0.22481518987341773,-0.2023
2018-05-23,0.03708051948051948,0.9894
2018-05-24,-0.1500123595505618,0.48593333333333333
2018-05-25,-0.1909066265060241,0.48160000000000003
2018-05-26,-0.04848796992481203,0.836
2018-05-27,-0.16118359375,-0.9722
2018-05-28,-0.16260662251655628,
2018-05-29,-0.09380833333333333,0.10399999999999998
2018-05-30,-0.06859411764705882,-0.07746666666666668
2018-05-31,-0.15980326086956523,-0.9835
2018-06-01,-0.23355714285714285,
2018-06-02,-0.04796373626373626,0.9217
2018-06-03,0.09550476190476191,
2018-06-04,-0.029760000000000005,
2018-06-05,0.021215,0.9868
2018-06-06,0.0068425,0.9865
2018-06-07,-0.06589375,
2018-06-08,0.10084153846153847,
2018-06-09,0.16643953488372093,
2018-06-10,0.0031741379310344757,
2018-06-11,0.07624827586206896,0.8271
2018-06-12,0.03201384615384615,
2018-06-13,-0.10180545454545455,-0.297125
2018-06-14,0.03319861111111111,0.64496
2018-06-15,0.09529791666666666,0.8748
2018-06-16,0.18220238095238095,
2018-06-17,0.06631710526315789,
2018-06-18,0.08074018691588784,0.61365
2018-06-19,0.06202876712328768,0.8625
2018-06-20,0.14314756097560974,0.3337090909090909
2018-06-21,-0.006285106382978728,0.8043
2018-06-22,0.09073287671232877,-0.061350000000000016
2018-06-23,0.16132857142857143,
2018-06-24,0.10365918367346938,0.9709
2018-06-25,0.024544827586206887,-0.76505
2018-06-26,0.034352325581395345,-0.9274
2018-06-27,0.11411411764705882,0.31975
2018-06-28,0.10775762711864408,0.6528666666666667
2018-06-29,0.158409375,0.22786666666666666
2018-06-30,0.10180943396226415,0.01579999999999998
2018-07-01,0.14248524590163933,0.3221
2018-07-02,0.18359052631578945,0.682125
2018-07-03,0.08558360655737705,-0.2732
2018-07-04,0.17230882352941176,
2018-07-05,0.218784375,
2018-07-06,0.19364761904761904,
2018-07-07,0.12706788990825688,
2018-07-08,0.1786970588235294,0.8658
2018-07-09,0.09066160714285713,0.981
2018-07-10,0.07252074074074075,0.08739999999999999
2018-07-11,0.03430999999999999,
2018-07-12,0.12130266666666666,
2018-07-13,0.2749240740740741,0.0417
2018-07-14,0.16091166666666668,
2018-07-15,0.1622293103448276,0.8885
2018-07-16,0.11301071428571428,
2018-07-17,0.27131272727272726,-0.9813
2018-07-18,0.005452542372881359,
2018-07-19,0.04913793103448277,0.6329857142857144
2018-07-20,-0.0880952380952381,0.9654
2018-07-21,0.21868421052631581,0.06306666666666667
2018-07-22,0.2402413793103448,0.26233333333333336
2018-07-23,0.20700500000000002,-0.00019999999999997797
2018-07-24,0.02081,0.5971
2018-07-25,0.12083333333333332,
2018-07-26,0.024850000000000007,0.9246
2018-07-27,0.1783576923076923,0.5297666666666667
2018-07-28,0.11218974358974358,0.42475
2018-07-29,0.11260714285714285,
2018-07-30,0.170971875,0.5304333333333334
2018-07-31,-0.03936984126984128,0.9432
2018-08-01,-0.0666813559322034,0.9818
2018-08-02,0.3825136363636364,
2018-08-03,0.08001944444444445,0.9180999999999999
2018-08-04,0.021759183673469382,0.23446666666666668
2018-08-05,0.08124999999999999,
2018-08-06,0.08661400000000001,0.88325
2018-08-07,0.12379746835443037,0.3024846153846154
2018-08-08,0.07762916666666667,-0.8591
2018-08-09,0.05883265306122448,
2018-08-10,0.18551296296296296,0.9009
2018-08-11,0.08539090909090909,
2018-08-12,0.036413888888888885,-0.6486
2018-08-13,0.08633333333333335,0.6369
2018-08-14,0.056955,0.5423
2018-08-15,0.054854901960784304,
2018-08-16,-0.041775,0.9831
2018-08-17,0.02803124999999999,0.7048166666666665
2018-08-18,0.21817187500000002,-0.8938
2018-08-19,-0.02820512820512821,0.2575
2018-08-20,0.024154385964912282,0.32863333333333333
2018-08-21,0.05514,0.61775
2018-08-22,0.1453894736842105,0.93625
2018-08-23,0.20731176470588233,
2018-08-24,0.326425,0.31845
2018-08-25,-0.02920810810810812,
2018-08-26,0.20070212765957446,0.984
2018-08-27,0.09611842105263158,0.27755
2018-08-28,0.15506060606060607,0.5731333333333334
2018-08-29,0.12386428571428572,0.0
2018-08-30,0.04567272727272726,
2018-08-31,0.12029756097560976,
2018-09-01,0.1872560975609756,-0.802
2018-09-02,0.15268222222222222,0.0
2018-09-03,0.003785294117647073,
2018-09-04,-0.04381739130434783,0.8807
2018-09-05,0.16446999999999998,
2018-09-06,0.19623684210526315,0.7414000000000001
2018-09-07,0.0678578947368421,0.9813
2018-09-08,0.1005375,-0.9666
2018-09-09,0.08802307692307691,
2018-09-10,-0.07035999999999999,0.9923500000000001
2018-09-11,0.13219999999999998,0.9816
2018-09-12,0.1447081081081081,-0.4192666666666667
2018-09-13,0.026938461538461543,
2018-09-14,0.1316948717948718,
2018-09-15,0.14749354838709675,0.9993
2018-09-16,-0.07648620689655174,
2018-09-17,-0.029684482758620692,0.2667333333333333
2018-09-18,0.37986719999999996,0.9904
2018-09-19,0.26143359374999997,
2018-09-20,0.13215967741935483,0.35585
2018-09-21,0.20565961538461539,0.3818
2018-09-22,0.20428297872340426,-0.1591
2018-09-23,0.1371918918918919,0.18679999999999997
2018-09-24,0.11989999999999999,0.9876
2018-09-25,0.040052631578947374,0.99745
2018-09-26,-0.03656750000000002,
2018-09-27,0.2992810810810811,0.8994
2018-09-28,0.19907105263157895,
2018-09-29,0.047488571428571436,0.9925
2018-09-30,-0.08215277777777778,
2018-10-01,0.15711929824561405,
2018-10-02,-0.10999047619047618,0.8052666666666667
2018-10-03,0.026661016949152547,0.5308499999999999
2018-10-04,-0.07696551724137932,0.9642
2018-10-05,-0.047377192982456136,-0.8316
2018-10-06,0.00976486486486486,0.0
2018-10-07,0.22638999999999998,
2018-10-08,0.19275476190476187,0.296
2018-10-09,0.13017142857142858,0.4767
2018-10-10,0.09654117647058824,0.666025
2018-10-11,0.18752857142857143,0.5225
2018-10-12,0.11519047619047619,0.128
2018-10-13,0.09541896551724138,
2018-10-14,0.10101956521739129,
2018-10-15,0.3850724137931034,0.017850000000000033
2018-10-16,0.1645703125,0.9987
2018-10-17,0.18769999999999998,
2018-10-18,0.022702325581395347,
2018-10-19,0.1473860465116279,
2018-10-20,0.1771076923076923,-0.985
2018-10-21,0.16571842105263157,
2018-10-22,0.16509583333333333,-0.9039
2018-10-23,0.22188372093023256,0.9094
2018-10-24,0.28211714285714284,0.89835
2018-10-25,0.14483529411764706,0.9169
2018-10-26,0.023166666666666665,0.7176
2018-10-27,0.29211111111111115,0.3344666666666667
2018-10-28,0.26143428571428573,0.8271
2018-10-29,0.15016538461538462,0.59815
2018-10-30,0.0599125,0.9779
2018-10-31,0.1698833333333333,-0.3548
2018-11-01,0.09053928571428571,
2018-11-02,0.2758888888888889,0.3818
2018-11-03,-0.032135,0.9995
2018-11-04,0.16416521739130435,
2018-11-05,0.233265625,0.23495000000000005
2018-11-06,0.220046875,0.9984500000000001
2018-11-07,0.10514,0.9937
2018-11-08,-0.014176190476190472,0.499075
2018-11-09,-0.063826,0.5066428571428572
2018-11-10,0.0502,
2018-11-11,0.46034736842105267,0.9993
2018-11-12,-0.0006224999999999995,-0.5719
2018-11-13,0.07420602409638555,0.9856
2018-11-14,0.19208358208955223,0.8868
2018-11-15,0.1832857142857143,0.0772
2018-11-16,0.16800243902439024,-0.5423
2018-11-17,-0.026242424242424244,0.9828
2018-11-18,0.29323055555555555,0.7976
2018-11-19,0.35374583333333337,0.9771
2018-11-20,0.21526571428571428,0.8176
2018-11-21,0.15883958333333334,0.0
2018-11-22,-0.02859148936170213,
2018-11-23,-0.05317638888888889,0.0
2018-11-24,0.08888928571428571,0.24565
2018-11-25,-0.13416,0.9942
2018-11-26,0.27555384615384615,0.69505
2018-11-27,0.0572,0.7429
2018-11-28,0.1428578947368421,
2018-11-29,-0.0032809523809523766,0.87822
2018-11-30,0.25367538461538464,-0.5106
2018-12-01,0.09547796610169493,0.7338
2018-12-02,0.2864,
2018-12-03,0.2839114754098361,0.9378666666666667
2018-12-04,0.4020915254237288,0.6682
2018-12-05,0.009475342465753425,-0.5542
2018-12-06,0.1935754716981132,-0.5543333333333333
2018-12-07,0.0038929447852760735,
2018-12-08,0.1046568093385214,
2018-12-09,0.044905806451612906,0.8885
2018-12-10,0.17615,
2018-12-11,0.08025673076923077,0.9855499999999999
2018-12-12,0.15183146067415731,0.9944
2018-12-13,0.09187857142857142,0.3197
2018-12-14,0.16396349206349206,0.9665666666666667
2018-12-15,0.09472156862745099,
2018-12-16,0.11431607142857143,
2018-12-17,0.0890509090909091,0.96425
2018-12-18,0.1471890909090909,0.983
2018-12-19,0.1678025974025974,0.973525
2018-12-20,0.006101428571428569,0.9964
2018-12-21,0.0722245283018868,
2018-12-22,-0.03232307692307693,
2018-12-23,0.06324864864864865,-0.5994
2018-12-24,0.31204081632653063,
2018-12-25,0.04474901960784313,
2018-12-26,0.09706086956521738,-0.47986666666666666
2018-12-27,0.1322057142857143,
2018-12-28,0.28054199999999996,
2018-12-29,0.08111176470588236,-0.9909
2018-12-30,0.0715741935483871,
2018-12-31,0.22386333333333333,0.0
2019-01-01,0.12504444444444443,
2019-01-02,0.23228260869565218,0.8221499999999999
2019-01-03,0.20862727272727272,-0.5423
2019-01-04,0.15219491525423728,
2019-01-05,0.09064423076923077,
2019-01-06,0.12598103448275863,
2019-01-07,0.13148545454545454,
2019-01-08,0.2639811764705882,0.7464500000000001
2019-01-09,0.03764193548387097,0.9934
2019-01-10,0.21580392156862746,
2019-01-11,0.21024406779661015,0.9544
2019-01-12,0.31841463414634147,0.9722333333333334
2019-01-13,0.06696818181818183,
2019-01-14,0.1422396551724138,-0.10149999999999999
2019-01-15,-0.03661558935361217,0.59568
2019-01-16,0.11171984126984127,0.979575
2019-01-17,0.078889898989899,0.48769
2019-01-18,0.0944125,0.8745
2019-01-19,0.05864166666666667,0.012650000000000002
2019-01-20,0.10644848484848485,0.9911
2019-01-21,0.19588048780487805,-0.3818
2019-01-22,0.21208571428571427,0.9711
2019-01-23,0.11316346153846155,-0.05115000000000003
2019-01-24,0.19437,0.70825
2019-01-25,0.12743,0.42955
2019-01-26,0.13504000000000002,0.765
2019-01-27,0.10968684210526315,
2019-01-28,0.1823016129032258,
2019-01-29,0.218115625,0.9002
2019-01-30,0.1989542372881356,0.7107
2019-01-31,0.17740425531914897,
2019-02-01,0.01776111111111111,0.9787
2019-02-02,0.18409999999999999,0.242725
2019-02-03,0.2748517730496454,0.9997
2019-02-04,0.25517142857142855,0.92325
2019-02-05,0.252671,0.9979999999999999
2019-02-06,0.13201147540983607,0.7726571428571428
2019-02-07,0.1512438202247191,0.60448
2019-02-08,0.18392235294117648,
2019-02-09,0.2858055555555556,-0.5994
2019-02-10,0.21006,-0.4767
2019-02-11,0.12437848101265823,0.7461500000000001
2019-02-12,0.17631206896551727,
2019-02-13,0.04244406779661017,0.033099999999999984
2019-02-14,0.09309540229885056,0.5240199999999999
2019-02-15,0.22964634146341462,
2019-02-16,0.08815098039215687,
2019-02-17,0.21140769230769232,0.4019
2019-02-18,0.18601525423728812,-0.9975
2019-02-19,0.12042134831460674,-0.09809999999999999
2019-02-20,0.26958823529411763,0.31829999999999997
2019-02-21,0.33709838709677414,
2019-02-22,0.07190526315789472,0.9946
2019-02-23,0.006875999999999993,
2019-02-24,0.13465892857142855,
2019-02-25,0.2142609375,0.9960333333333334
2019-02-26,0.07996470588235295,0.5859
2019-02-27,0.08216944444444445,0.9991
2019-02-28,0.15541363636363636,0.9985
2019-03-01,0.13344788732394366,0.9423
2019-03-02,0.2413508474576271,0.9883
2019-03-03,0.15669999999999998,-0.7796
2019-03-04,0.242625,0.868
2019-03-05,0.230235,-0.2023
2019-03-06,0.1926536231884058,0.9897333333333332
2019-03-07,0.1879377049180328,
2019-03-08,0.2668179104477612,0.84935
2019-03-09,0.30311307692307693,
2019-03-10,0.3834278260869565,
2019-03-11,0.39853714285714287,0.9902500000000001
2019-03-12,0.305040251572327,
2019-03-13,0.30089782608695653,0.92055
2019-03-14,0.17271825396825397,0.6304
2019-03-15,0.11617582938388626,0.9895499999999999
2019-03-16,0.20398985507246378,
2019-03-17,0.16156595744680852,0.9447
2019-03-18,0.22107154471544715,0.8476857142857143
2019-03-19,0.13429832402234637,0.8351500000000001
2019-03-20,0.16003525179856115,0.4144666666666667
2019-03-21,0.214399173553719,0.6273333333333334
2019-03-22,0.1166201680672269,0.747875
2019-03-23,0.2067136842105263,
2019-03-24,0.26816555555555555,0.8167500000000001
2019-03-25,0.105989898989899,0.8074
2019-03-26,0.08136593406593405,0.7579
2019-03-27,0.08058802816901409,0.9166000000000001
2019-03-28,0.12400579710144928,0.2732
2019-03-29,0.12856176470588235,
2019-03-30,0.165388679245283,-0.4404
2019-03-31,0.1510991379310345,
2019-04-01,0.13499640287769782,0.9954000000000001
2019-04-02,0.2517320293398533,0.56068
2019-04-03,0.128768085106383,0.9977
2019-04-04,0.09196432748538011,0.95655
2019-04-05,0.16031603053435114,
2019-04-06,0.22857948717948717,0.97
2019-04-07,0.13940462962962963,0.1832
2019-04-08,0.17532764705882353,0.8176875
2019-04-09,0.14745555555555553,0.2263
2019-04-10,0.09611518987341772,0.55745
2019-04-11,0.15061369047619047,0.49615
2019-04-12,-0.18292334217506634,0.5233105263157894
2019-04-13,0.0015487179487179532,0.4753428571428571
2019-04-14,-0.04519868995633188,0.29623333333333335
2019-04-15,0.07889626865671642,0.3327375
2019-04-16,0.09240373134328357,0.584025
2019-04-17,0.07432040816326531,0.30774999999999997
2019-04-18,0.08638144329896907,0.25
2019-04-19,0.13719358974358975,0.9987
2019-04-20,0.10462409638554217,
2019-04-21,0.006363157894736841,0.36185
2019-04-22,0.07080777777777778,0.9531666666666667
2019-04-23,0.12648545454545454,-0.0408
2019-04-24,0.09514959349593496,0.7672
2019-04-25,0.12450316455696203,0.4178
2019-04-26,0.10034941176470588,0.2660666666666667
2019-04-27,0.11198483146067416,0.15415
2019-04-28,0.0919195020746888,0.1515571428571429
2019-04-29,0.156028,0.31239230769230775
2019-04-30,0.19721180555555556,
2019-05-01,0.04987131147540984,0.46725
2019-05-02,0.146716,0.46145
2019-05-03,0.08972047244094487,0.6867
2019-05-04,0.11835961538461538,0.7705
2019-05-05,0.044167479674796756,
2019-05-06,0.08136455026455026,0.9897600000000001
2019-05-07,0.0815203125,0.84555
2019-05-08,0.10711382113821138,0.6416428571428572
2019-05-09,0.09994695652173913,0.8385333333333334
2019-05-10,0.13005268817204302,0.9309
2019-05-11,0.2630727272727273,0.9773
2019-05-12,0.18213478260869564,
2019-05-13,0.11303666666666666,0.09369999999999995
2019-05-14,-0.05496,0.24250000000000002
2019-05-15,0.08793417721518987,-0.1976857142857143
2019-05-16,0.11041071428571428,0.39295
2019-05-17,0.11997090909090909,
2019-05-18,0.1907897435897436,-0.9664
2019-05-19,0.0877032786885246,0.99455
2019-05-20,0.11633399999999999,-0.5595333333333333
2019-05-21,0.060033333333333334,0.9934
2019-05-22,-0.040269105691056906,0.49955
2019-05-23,0.13490943396226415,0.7539666666666666
2019-05-24,0.07364411764705882,
2019-05-25,0.17562884615384616,0.6682
2019-05-26,0.36562777777777783,0.9812
2019-05-27,0.25901351351351354,0.0516
2019-05-28,0.10612131147540983,
2019-05-29,0.11932,-0.25
2019-05-30,-0.03027285714285715,
2019-05-31,0.06659259259259259,-0.48895
2019-06-01,0.06989148936170214,
2019-06-02,0.06861403508771931,0.9944
2019-06-03,0.07395972222222222,
2019-06-04,0.016028985507246383,0.9559
2019-06-05,0.19742181818181817,
2019-06-06,0.1632578947368421,
2019-06-07,0.19813469387755103,0.9199999999999999
2019-06-08,0.14026785714285714,
2019-06-09,0.2142052631578947,
2019-06-10,0.21918813559322034,
2019-06-11,0.13983809523809523,0.9874
2019-06-12,0.20698636363636363,
2019-06-13,0.2692779661016949,
2019-06-14,0.20695396825396825,0.5413
2019-06-15,0.10432830188679246,
2019-06-16,0.07065476190476191,0.9837
2019-06-17,0.12536315789473684,0.9905499999999999
2019-06-18,0.10686610169491524,0.9798
2019-06-19,0.09866666666666667,0.8271
2019-06-20,0.2824594594594595,
2019-06-21,0.10358859649122808,0.46040000000000003
2019-06-22,0.15576304347826087,0.977
2019-06-23,0.169528125,
2019-06-24,0.10159357798165138,0.44815
2019-06-25,0.1876168539325843,0.9675
2019-06-26,0.18753636363636364,0.7369
2019-06-27,0.0805954954954955,
2019-06-28,0.14529466666666666,0.5106
2019-06-29,0.17301136363636363,
2019-06-30,0.1396037037037037,0.97705
2019-07-01,0.23205689655172415,
2019-07-02,0.0886297619047619,0.8774666666666667
2019-07-03,0.06700112359550561,-0.09806666666666665
2019-07-04,0.17342716049382714,
2019-07-05,0.12784933333333331,0.1779
2019-07-06,0.2122705882352941,
2019-07-07,0.2154140625,0.0
2019-07-08,-0.02181327433628318,0.9099
2019-07-09,0.21336823529411764,
2019-07-10,0.05514936708860759,0.14723333333333333
2019-07-11,0.11068518518518519,0.9658
2019-07-12,0.10984000000000001,
2019-07-13,0.20358805970149252,0.34436
2019-07-14,0.09039166666666668,
2019-07-15,0.19414823529411765,0.9261
2019-07-16,0.17189666666666667,-0.8934
2019-07-17,0.14137837837837838,0.49255
2019-07-18,0.21690579710144928,0.5560666666666666
2019-07-19,-0.0050857142857142846,-0.02550000000000001
2019-07-20,0.12546282051282054,0.992
2019-07-21,0.36385874125874124,0.248775
2019-07-22,0.10635468749999999,0.9767999999999999
2019-07-23,0.271275,-0.04744999999999999
2019-07-24,0.10646610169491526,0.6577666666666667
2019-07-25,0.051854901960784315,0.13060000000000002
2019-07-26,0.10106666666666668,0.07353333333333334
2019-07-27,0.212058,0.9954
2019-07-28,0.21066904761904764,0.7764500000000001
2019-07-29,-0.05953541666666665,0.9726
2019-07-30,0.11282698412698414,0.9057333333333334
2019-07-31,0.07434074074074075,0.27686666666666665
2019-08-01,-0.03998936170212766,0.0
2019-08-02,0.22248070175438597,0.9117
2019-08-03,0.12456511627906977,0.9987
2019-08-04,0.12302093023255814,
2019-08-05,0.17975000000000002,0.58266
2019-08-06,0.14007735849056605,0.1135
2019-08-07,0.018160000000000003,0.24580000000000002
2019-08-08,-0.057628571428571425,0.2263
2019-08-09,0.27528536585365854,0.5550999999999999
2019-08-10,0.04424186046511628,0.8807
2019-08-11,0.13245277777777778,0.53605
2019-08-12,0.026518181818181816,0.296
2019-08-13,0.11597400000000001,-0.4404
2019-08-14,0.09730967741935484,-0.9844
2019-08-15,0.026916279069767443,-0.5423
2019-08-16,0.10551020408163266,-0.4359
2019-08-17,-0.03136410256410256,
2019-08-18,0.21218205128205128,
2019-08-19,0.031214285714285712,0.522975
2019-08-20,0.17389714285714283,-0.012087500000000001
2019-08-21,0.10880263157894737,-0.8917
2019-08-22,0.13780625,0.0
2019-08-23,0.03960263157894737,-0.06653333333333333
2019-08-24,-0.049340225563909774,-0.056499999999999995
2019-08-25,0.17867714285714284,0.1366
2019-08-26,-0.06712371134020619,0.9975
2019-08-27,0.09139363636363637,0.24914999999999998
2019-08-28,-0.003970731707317072,
2019-08-29,0.10107638888888888,0.45039999999999997
2019-08-30,-0.03536666666666666,0.39433333333333337
2019-08-31,0.261275,
2019-09-01,-0.08950196078431373,0.998
2019-09-02,0.0827948717948718,
2019-09-03,0.12919298245614036,0.0516
2019-09-04,-0.011219672131147539,
2019-09-05,0.03217555555555556,0.35132
2019-09-06,0.05761428571428572,
2019-09-07,0.19631935483870966,0.0
2019-09-08,0.004288095238095243,0.987
2019-09-09,0.24637560975609757,0.785
2019-09-10,0.02526,0.10730000000000003
2019-09-11,0.1356861111111111,0.6249
2019-09-12,0.16751951219512196,0.0033600000000000075
2019-09-13,0.15536923076923076,-0.27108
2019-09-14,0.14948809523809525,0.9868
2019-09-15,0.022925000000000008,
2019-09-16,0.21637750000000003,0.9883
2019-09-17,0.16174473684210527,0.8702
2019-09-18,0.13796206896551724,0.6902
2019-09-19,0.05173260869565217,0.0
2019-09-20,0.29517241379310344,0.33795000000000003
2019-09-21,0.158715,0.9982
2019-09-22,0.05764814814814814,0.0516
2019-09-23,0.11612083333333333,-0.1591
2019-09-24,-0.054084905660377366,-0.11619999999999997
2019-09-25,-0.11916875,0.06919999999999997
2019-09-26,0.0004636363636363681,0.0772
2019-09-27,-0.004545833333333332,0.8099000000000001
2019-09-28,0.0973673076923077,-0.026499999999999996
2019-09-29,0.23694807692307693,
2019-09-30,0.13182878787878788,
2019-10-01,0.14472558139534886,0.993
2019-10-02,0.03707027027027027,0.48210000000000003
2019-10-03,0.2047125,0.9794
2019-10-04,0.13419999999999999,
2019-10-05,0.14510625,
2019-10-06,0.18455806451612905,
2019-10-07,0.12229749999999999,
2019-10-08,-0.05263888888888888,
2019-10-09,0.18660000000000002,0.92135
2019-10-10,0.07778666666666667,-0.9382
2019-10-11,-0.009822222222222217,0.9815
2019-10-12,0.010380645161290312,
2019-10-13,0.35159333333333337,
2019-10-14,0.056529411764705884,0.6369
2019-10-15,0.02952459016393443,
2019-10-16,0.17825576923076922,
2019-10-17,0.26129423076923075,0.1909
2019-10-18,-0.1756375,0.2614
2019-10-19,-0.06582954545454546,0.999
2019-10-20,0.049505882352941184,0.9872
2019-10-21,-0.0706109375,-0.8271
2019-10-22,-0.24042313432835824,0.7588
2019-10-23,-0.09739015151515151,0.9124
2019-10-24,0.056311764705882346,0.9674
2019-10-25,0.02438888888888889,-0.09240000000000004
2019-10-26,0.1718586956521739,0.9494
2019-10-27,0.1339842105263158,0.1027
2019-10-28,-0.04076543209876543,0.90005
2019-10-29,-0.026450684931506853,0.686375
2019-10-30,0.05665526315789474,0.9952
2019-10-31,-0.04343571428571428,
2019-11-01,0.0923531914893617,
2019-11-02,-0.0299804347826087,0.9998
2019-11-03,0.10081875,0.37389999999999995
2019-11-04,-0.023147761194029854,0.4729666666666667
2019-11-05,-0.0032071428571428607,0.51415
2019-11-06,-0.10541372549019608,0.63825
2019-11-07,0.10910641025641027,0.08144285714285715
2019-11-08,-0.04731733333333333,0.8582
2019-11-09,0.19817758620689654,-0.6597
2019-11-10,0.33973818181818183,0.76445
2019-11-11,0.17520232558139534,-0.269
2019-11-12,0.169630376344086,-0.0691
2019-11-13,0.1660460606060606,0.45533333333333337
2019-11-14,0.109939,0.21685714285714286
2019-11-15,0.15541871921182265,0.6872666666666666
2019-11-16,0.1680977653631285,0.5339833333333334
2019-11-17,0.21600479041916168,0.38465
2019-11-18,0.15816241610738255,
2019-11-19,0.16703153846153845,0.3763
2019-11-20,0.08955274725274726,-0.5195
2019-11-21,0.11305,0.07689999999999998
2019-11-22,0.07597272727272728,0.19966666666666666
2019-11-23,0.12167521739130435,0.9897
2019-11-24,0.09235928571428571,0.43035
2019-11-25,0.054755670103092784,0.27696666666666664
2019-11-26,0.06915073529411765,0.4341333333333333
2019-11-27,0.047975333333333335,0.09293333333333335
2019-11-28,0.001215789473684211,0.9313
2019-11-29,0.05322068965517241,
2019-11-30,0.09693526315789473,0.9998
2019-12-01,0.15651507936507936,0.3409333333333333
2019-12-02,0.11277022900763359,0.21447500000000003
2019-12-03,-0.03336978417266187,-0.5574
2019-12-04,0.014639285714285716,0.12466666666666663
2019-12-05,0.13232741935483872,
2019-12-06,0.13336866666666666,0.9973
2019-12-07,0.06952207792207792,0.2878
2019-12-08,0.14665564516129034,
2019-12-09,0.002239175257731961,0.9712000000000001
2019-12-10,0.1336372093023256,-0.17423999999999998
2019-12-11,0.028989915966386552,
2019-12-12,-0.012685483870967742,0.2538
2019-12-13,0.06214654088050314,0.15386666666666668
2019-12-14,0.004620967741935481,
2019-12-15,0.15365544554455446,-0.1027
2019-12-16,0.07865862068965518,0.26209999999999994
2019-12-17,-0.004476543209876545,0.03107499999999999
2019-12-18,0.03455824175824176,0.63335
2019-12-19,0.016962676056338024,0.84306
2019-12-20,0.11050488322717622,-0.4019
2019-12-21,-0.01066581920903955,
2019-12-22,0.06526382978723405,0.0
2019-12-23,0.0629038961038961,0.6229166666666667
2019-12-24,0.014352910052910053,-0.0956333333333333
2019-12-25,0.03237207792207792,0.94435
2019-12-26,-0.00105251798561151,0.04724999999999996
2019-12-27,0.02488357142857143,0.67065
2019-12-28,0.03482379032258064,0.0021999999999999797
2019-12-29,0.09111448275862068,0.5267
2019-12-30,0.0407828729281768,0.07923333333333338
2019-12-31,0.038954395604395606,
2020-01-01,0.10816341463414635,0.96975
2020-01-02,0.08181953125000001,0.18742500000000004
2020-01-03,0.022722399999999997,0.9169
2020-01-04,0.12133493975903614,-0.3404
2020-01-05,0.12521969696969698,-0.0697
2020-01-06,0.3193060975609756,0.765
2020-01-07,0.1306948051948052,0.07879999999999998
2020-01-08,0.3535,0.0129
2020-01-09,0.2780450980392157,0.11530000000000001
2020-01-10,0.049624193548387104,0.9633
2020-01-11,0.068740625,
2020-01-12,0.1483542372881356,0.027949999999999975
2020-01-13,0.20271323529411764,0.2973
2020-01-14,0.1907685185185185,0.9969
2020-01-15,0.04301282051282051,0.4722
2020-01-16,0.07716323529411764,0.00924999999999998
2020-01-17,0.17068507462686566,0.22606
2020-01-18,0.047307017543859645,-0.8519
2020-01-19,0.20204871794871795,0.4572333333333333
2020-01-20,0.347894,0.4767
2020-01-21,0.08567380952380951,0.86025
2020-01-22,0.15972448979591838,0.34946666666666665
2020-01-23,0.21450000000000002,0.48900000000000005
2020-01-24,0.15223921568627452,0.59398
2020-01-25,0.16914285714285715,0.48407500000000003
2020-01-26,0.18814411764705882,
2020-01-27,0.08168035714285714,-0.3625
2020-01-28,0.23345660377358493,-0.5407500000000001
2020-01-29,0.2407375,
2020-01-30,0.18965238095238096,0.4964
2020-01-31,0.058381395348837205,0.2911375
2020-02-01,0.09699318181818181,0.9034666666666666
2020-02-02,0.2969428571428572,0.21796666666666667
2020-02-03,0.14818148148148147,0.5381636363636363
2020-02-04,0.20825694444444445,0.234944
2020-02-05,0.28277910447761195,0.2421125
2020-02-06,-0.07660824742268041,0.2694285714285714
2020-02-07,0.07015081967213113,0.16190000000000002
2020-02-08,0.11188095238095237,-0.08973333333333329
2020-02-09,0.18255588235294118,0.749725
2020-02-10,0.28995102040816323,0.9552
2020-02-11,0.18995,0.18655000000000002
2020-02-12,0.3795970588235294,0.61165
2020-02-13,0.03048333333333333,0.48477999999999993
2020-02-14,0.09819787234042554,0.5736
2020-02-15,0.19677435897435896,0.9311333333333334
2020-02-16,0.18648857142857142,
2020-02-17,0.3113292682926829,0.9743999999999999
2020-02-18,0.13131935483870968,0.671
2020-02-19,0.2832725,0.188825
2020-02-20,-0.09483818181818182,0.67374
2020-02-21,0.10237454545454544,0.3041142857142857
2020-02-22,0.19874117647058823,
2020-02-23,0.10125937499999998,0.63715
2020-02-24,-0.012662857142857137,0.22559999999999994
2020-02-25,0.17803999999999998,0.15152272727272728
2020-02-26,0.03821034482758621,0.03376666666666666
2020-02-27,0.06232765957446809,0.23873750000000002
2020-02-28,0.1455021739130435,0.24328333333333332
2020-02-29,0.12884615384615386,0.4618875
2020-03-01,0.16524571428571427,0.8835333333333333
2020-03-02,0.059053191489361695,-0.006000000000000005
2020-03-03,0.13501132075471697,0.06652
2020-03-04,0.28309333333333336,-0.7447
2020-03-05,0.019556666666666674,0.27534000000000003
2020-03-06,0.10051176470588234,0.5191
2020-03-07,0.276225,0.55802
2020-03-08,0.33777142857142856,-0.019166666666666665
2020-03-09,0.23709545454545455,0.3114466666666667
2020-03-10,0.373937037037037,0.27080714285714286
2020-03-11,0.19286142857142857,-0.0067333333333333195
2020-03-12,0.0729470588235294,-0.09450144927536232
2020-03-13,0.16895192307692308,0.1053046511627907
2020-03-14,0.12141481481481481,-0.36160909090909094
2020-03-15,0.314466037735849,0.4059625
2020-03-16,0.15718684210526315,-0.37231000000000003
2020-03-17,0.2154357142857143,-0.27205
2020-03-18,0.16350810810810812,0.16749999999999998
2020-03-19,0.22008095238095238,0.06651000000000001
2020-03-20,0.1306915254237288,0.1961111111111111
2020-03-21,0.09603673469387755,-0.33211666666666667
2020-03-22,0.22343939393939394,0.491375
2020-03-23,0.19160625,0.40854285714285715
2020-03-24,0.12232083333333334,-0.004411111111111106
2020-03-25,0.10012340425531915,0.60736
2020-03-26,0.16871463414634147,0.5281
2020-03-27,0.201525,0.027285714285714285
2020-03-28,0.14506666666666668,0.4463142857142857
2020-03-29,0.22154000000000001,0.4931142857142858
2020-03-30,0.05835,0.4022428571428572
2020-03-31,0.09223478260869565,0.04593333333333335
2020-04-01,-0.027232,-0.026644444444444432
2020-04-02,0.10660227272727273,-0.30779230769230775
2020-04-03,0.1349549019607843,0.6667777777777778
2020-04-04,0.14782702702702702,-0.11486666666666667
2020-04-05,0.1149277777777778,0.6476142857142858
2020-04-06,0.26239090909090906,0.03714999999999999
2020-04-07,0.14932894736842106,0.1346846153846154
2020-04-08,0.2278675675675676,0.2841923076923077
2020-04-09,-0.02043064516129032,0.09877692307692308
2020-04-10,0.09323953488372094,-0.42565
2020-04-11,0.27957037037037036,0.26048571428571426
2020-04-12,0.20240263157894736,0.05787142857142856
2020-04-13,0.0982326923076923,0.39754999999999996
2020-04-14,0.10025581395348837,0.52666
2020-04-15,-0.04075000000000001,0.23820769230769231
2020-04-16,0.18417666666666668,0.6584307692307692
2020-04-17,0.0519,0.4969090909090909
2020-04-18,0.11773870967741935,0.28771250000000004
2020-04-19,0.2703,0.4767166666666667
2020-04-20,0.20824363636363638,0.44544999999999996
2020-04-21,0.18753414634146343,-0.24193333333333333
2020-04-22,0.20556296296296298,0.5309666666666667
2020-04-23,0.168008,0.647925
2020-04-24,0.19411818181818183,0.1406125
2020-04-25,-0.04852333333333333,0.42699999999999994
2020-04-26,0.161025,0.5786333333333333
2020-04-27,0.13666046511627908,0.6519428571428572
2020-04-28,-0.06878809523809525,-0.25015
2020-04-29,0.04827714285714286,0.21836000000000003
2020-04-30,0.06216800000000001,0.37052666666666667
2020-05-01,0.1580121951219512,0.2083875
2020-05-02,0.12189230769230769,0.9141
2020-05-03,0.1720625,-0.46985
2020-05-04,0.06344333333333334,0.49973
2020-05-05,0.14380615384615386,0.2311388888888889
2020-05-06,0.05307173913043478,-0.05691428571428574
2020-05-07,0.13435172413793103,0.7460333333333334
2020-05-08,0.12375757575757575,0.4946444444444445
2020-05-09,-0.06762857142857143,
2020-05-10,-0.042603999999999996,-0.19576
2020-05-11,0.09889090909090908,0.37997777777777775
2020-05-12,0.184465,0.28863333333333335
2020-05-13,-0.05033076923076924,0.5137571428571429
2020-05-14,0.07333333333333333,0.40596666666666664
2020-05-15,-0.009312121212121213,0.499575
2020-05-16,0.09535882352941177,
2020-05-17,0.22182499999999997,0.6142
2020-05-18,0.25020882352941176,-0.02031666666666665
2020-05-19,0.12486249999999999,0.45965
2020-05-20,0.010215624999999999,0.41141428571428573
2020-05-21,0.009835294117647069,0.8464600000000001
2020-05-22,0.302188,0.29842857142857143
2020-05-23,0.23443793103448277,0.7000500000000001
2020-05-24,0.2512384615384615,0.5971
2020-05-25,0.008161111111111116,0.014700000000000019
2020-05-26,0.03391489361702127,0.924275
2020-05-27,0.15918275862068965,0.13608333333333333
2020-05-28,0.068495,0.9116200000000001
2020-05-29,0.17559,0.1756
2020-05-30,0.036879999999999996,0.98165
2020-05-31,-0.06139230769230768,0.0516
2020-06-01,0.03278,0.5737
2020-06-02,0.3975962962962963,0.55024
2020-06-03,0.008099999999999996,0.660525
2020-06-04,0.173875,0.36055000000000004
2020-06-05,0.3868666666666667,0.0
2020-06-06,0.4490888888888889,0.8281
2020-06-07,0.15117083333333334,
2020-06-08,0.15568333333333334,0.97225
2020-06-09,0.24284,0.946725
2020-06-10,0.1922814814814815,0.528125
2020-06-11,0.009988888888888874,0.13783333333333334
2020-06-12,0.081565,0.56115
2020-06-13,0.0128875,-0.978
2020-06-14,0.12905714285714287,0.6536714285714286
2020-06-15,0.07240588235294117,0.22355000000000003
2020-06-16,-0.01517222222222223,-0.21157499999999999
2020-06-17,0.13535,0.31206666666666666
2020-06-18,0.1658952380952381,0.8417
2020-06-19,0.1362878787878788,-0.4019
2020-06-20,0.20783333333333334,0.8499125
2020-06-21,0.5399066666666666,0.8739
2020-06-22,0.21419069767441862,0.88495
2020-06-23,-0.04867083333333333,0.802
2020-06-24,0.33456538461538465,-0.9914
2020-06-25,0.14489166666666667,0.27560714285714283
2020-06-26,0.015441666666666666,0.199875
2020-06-27,0.03217222222222221,0.02495
2020-06-28,0.009667346938775509,
2020-06-29,0.18588684210526316,0.0
2020-06-30,0.2453909090909091,0.60402
2020-07-01,0.3353615384615385,0.9806
2020-07-02,0.011868181818181818,0.7318800000000001
2020-07-03,0.09660754716981133,0.5871857142857143
2020-07-04,0.2420978260869565,0.06430000000000002
2020-07-05,0.3071,0.918625
2020-07-06,0.14161875,0.8486142857142857
2020-07-07,-0.048150000000000005,0.5245666666666667
2020-07-08,0.2852625,0.0868666666666667
2020-07-09,0.019936000000000002,0.20543999999999998
2020-07-10,-0.015732000000000003,0.41468571428571427
2020-07-11,0.31024444444444443,0.21114999999999998
2020-07-12,0.3173846153846153,0.61094
2020-07-13,0.2763473684210527,0.11229999999999998
2020-07-14,0.23389545454545455,0.6262714285714285
2020-07-15,0.35519354838709677,0.21065714285714285
2020-07-16,0.12787407407407406,0.7792166666666667
2020-07-17,0.16072105263157896,0.65185
2020-07-18,0.14179411764705882,0.15205000000000002
2020-07-19,0.12992916666666668,
2020-07-20,0.2872925925925926,0.739175
2020-07-21,0.22971666666666668,0.84042
2020-07-22,0.10528333333333333,0.48157999999999995
2020-07-23,0.1553625,0.8971
2020-07-24,0.13373214285714285,-0.08253999999999999
2020-07-25,0.16053599999999998,0.32313333333333333
2020-07-26,0.439245,0.9034500000000001
2020-07-27,0.019380769230769233,
2020-07-28,0.10012413793103449,0.8834
2020-07-29,0.1377030303030303,0.7015
2020-07-30,0.3402045454545454,0.241725
2020-07-31,0.25508214285714287,0.8988666666666667
2020-08-01,0.5300875,0.630625
2020-08-02,0.05478333333333333,0.5777166666666667
2020-08-03,0.38539999999999996,0.9104857142857143
2020-08-04,0.06503617021276596,0.39548181818181816
2020-08-05,-0.08627037037037037,0.6287166666666667
2020-08-06,0.15513478260869565,0.414975
2020-08-07,0.18305294117647058,0.69578
2020-08-08,0.1701111111111111,0.242
2020-08-09,0.14315,-0.10963333333333335
2020-08-10,0.34204285714285715,0.944175
2020-08-11,0.2854,0.59685
2020-08-12,0.26617826086956525,0.8324000000000001
2020-08-13,0.274,0.8029333333333333
2020-08-14,0.305564,0.18281666666666666
2020-08-15,0.24028636363636366,0.3612
2020-08-16,0.010266666666666662,0.9309
2020-08-17,0.35736666666666667,0.8357249999999999
2020-08-18,0.20769615384615386,0.9410499999999999
2020-08-19,0.16463125,0.31939999999999996
2020-08-20,0.3732384615384615,0.26387499999999997
2020-08-21,0.18783333333333335,0.453175
2020-08-22,0.18177333333333331,0.9323
2020-08-23,-0.06661874999999999,
2020-08-24,0.10868181818181818,0.4152
2020-08-25,0.23003939393939396,0.9763999999999999
2020-08-26,0.13313529411764707,-0.09053333333333331
2020-08-27,0.008542857142857138,0.9578
2020-08-28,0.4474409090909091,0.15335000000000001
2020-08-29,-0.21364629629629628,-0.30657500000000004
2020-08-30,0.07395000000000002,0.95355
2020-08-31,0.17250384615384615,-0.4268
2020-09-01,0.5073714285714286,0.8077
2020-09-02,0.18206530612244895,0.69394
2020-09-03,0.3051055555555556,
2020-09-04,0.26085945945945943,0.6399600000000001
2020-09-05,0.28476153846153845,-0.14834999999999998
2020-09-06,0.39381764705882355,0.525375
2020-09-07,0.32754482758620684,0.975
2020-09-08,0.22265,0.6010333333333334
2020-09-09,0.2439583333333333,0.08815
2020-09-10,0.055785714285714286,0.8333833333333334
2020-09-11,0.15341470588235295,0.19693333333333332
2020-09-12,0.03567777777777778,0.989
2020-09-13,0.017023529411764694,0.6156166666666667
2020-09-14,0.41612333333333335,0.979125
2020-09-15,0.08369767441860465,0.4662
2020-09-16,0.28178275862068963,0.9532666666666666
2020-09-17,0.2488846153846154,0.72758
2020-09-18,0.2806727272727273,0.789325
2020-09-19,0.2103913043478261,0.6636666666666667
2020-09-20,0.168003125,0.11654999999999999
2020-09-21,0.3476607142857143,0.58606
2020-09-22,0.22838000000000003,0.7385222222222222
2020-09-23,0.307668,-0.057033333333333346
2020-09-24,0.2693125,0.673075
2020-09-25,0.048907692307692305,0.5464333333333333
2020-09-26,0.2106590909090909,0.19140000000000001
2020-09-27,0.22197826086956524,
2020-09-28,0.042180952380952375,0.3458
2020-09-29,0.15259375,0.7270166666666666
2020-09-30,-0.16749166666666668,0.50765
2020-10-01,0.01139565217391304,0.9756333333333332
2020-10-02,0.08206875,0.98935
2020-10-03,0.026809090909090918,
2020-10-04,0.3263192307692308,0.9301333333333334
2020-10-05,0.36698888888888886,0.9581999999999999
2020-10-06,0.4676375,0.6261333333333333
2020-10-07,0.2667125,0.13506666666666664
2020-10-08,-0.022183333333333336,0.9789666666666667
2020-10-09,-0.010015000000000001,0.22194999999999998
2020-10-10,0.10069090909090908,0.9278
2020-10-11,0.3443909090909091,0.9959
2020-10-12,0.21558,0.46952499999999997
2020-10-13,0.016966666666666682,0.7719125
2020-10-14,0.01172692307692307,0.33061999999999997
2020-10-15,0.1852,0.5778
2020-10-16,0.31450833333333333,0.41601999999999995
2020-10-17,0.1041611111111111,0.9769666666666668
2020-10-18,0.33048235294117645,
2020-10-19,0.036938461538461545,0.981925
2020-10-20,0.12347837837837837,-0.16555
2020-10-21,-0.5042277777777778,
2020-10-22,0.2827125,0.5859
2020-10-23,0.332695,0.9720600000000001
2020-10-24,0.23813214285714285,0.24455000000000002
2020-10-25,0.22607333333333335,0.9217
2020-10-26,0.7218125,0.41605000000000003
2020-10-27,0.096996,
2020-10-28,0.15935833333333332,0.8761666666666666
2020-10-29,0.11216585365853658,0.7762166666666667
2020-10-30,-0.10901521739130436,-0.07805000000000001
2020-10-31,0.11152857142857142,0.44704000000000005
2020-11-01,0.1418102564102564,0.07429999999999998
2020-11-02,0.1459703703703704,0.9994
2020-11-03,0.03095357142857143,
2020-11-04,0.07453571428571427,0.98815
2020-11-05,0.2709944444444445,
2020-11-06,-0.09072972972972973,0.48423999999999995
2020-11-07,-0.0018624999999999996,0.8565666666666667
2020-11-08,0.2888705882352941,0.10115
2020-11-09,-0.3490272727272727,-0.9818
2020-11-10,0.39029375,0.09251666666666668
2020-11-11,0.23193703703703702,-0.16355
2020-11-12,0.30267727272727274,0.46305625
2020-11-13,-0.06240000000000001,0.6660777777777778
2020-11-14,0.18417222222222224,0.16245714285714286
2020-11-15,0.0016323529411764574,0.9991
2020-11-16,0.22701851851851854,0.45458333333333334
2020-11-17,0.22394615384615385,0.6763666666666667
2020-11-18,0.28494285714285716,0.3287333333333334
2020-11-19,0.3671666666666667,0.8101571428571429
2020-11-20,0.08705199999999999,0.9686
2020-11-21,0.056869565217391296,0.44395
2020-11-22,0.2541678571428571,0.9552
2020-11-23,0.15705333333333335,0.7759285714285714
2020-11-24,0.18852857142857143,0.3480999999999999
2020-11-25,0.47455294117647057,0.4774375
2020-11-26,-0.03934117647058823,0.9692000000000001
2020-11-27,0.029309523809523806,0.9748333333333333
2020-11-28,0.1245225806451613,0.9968999999999999
2020-11-29,0.25409130434782606,0.4757285714285714
2020-11-30,0.23313214285714287,0.49533333333333335
2020-12-01,0.2811161290322581,0.7738166666666667
2020-12-02,0.04251515151515151,0.899
2020-12-03,-0.02486923076923077,0.8115399999999999
2020-12-04,0.12469230769230769,0.8451666666666667
2020-12-05,0.19371333333333335,0.9616750000000001
2020-12-06,-0.010651851851851846,0.7321428571428571
2020-12-07,0.241565625,0.9758777777777777
2020-12-08,0.18640416666666668,0.7444999999999999
2020-12-09,0.302132,0.94138
2020-12-10,0.1224764705882353,0.6496999999999999
2020-12-11,0.2652757142857143,0.53570625
2020-12-12,0.3516375,0.31325
2020-12-13,0.18677894736842104,0.71385
2020-12-14,0.07094864864864865,0.7096142857142856
2020-12-15,0.18631470588235297,0.7206250000000001
2020-12-16,0.3928551724137931,0.8721666666666668
2020-12-17,-0.0661764705882353,0.7497666666666666
2020-12-18,0.02830851063829788,0.7630833333333333
2020-12-19,0.296475,0.578
2020-12-20,0.12646285714285715,0.9978
2020-12-21,0.15971875,0.6617571428571428
2020-12-22,0.08054883720930232,0.99205
2020-12-23,0.24060357142857144,0.9037285714285714
2020-12-24,0.47204999999999997,0.4407363636363637
2020-12-25,0.02954,0.0276
2020-12-26,0.08018181818181817,
2020-12-27,0.1476241379310345,0.8633500000000001
2020-12-28,0.23281388888888888,0.81692
2020-12-29,0.14165757575757576,0.9108999999999999
2020-12-30,0.1987048780487805,0.8574
