date,weighted_compound
2015-01-01,-0.291
2015-01-02,0.31881815008726005
2015-01-03,0.9149623762376239
2015-01-04,0.06282923387096773
2015-01-05,0.1727480769230769
2015-01-06,0.01911363636363639
2015-01-07,0.4786625
2015-01-08,-0.2747551724137931
2015-01-09,0.7053312500000001
2015-01-10,-0.3099269841269841
2015-01-11,-0.1960361233480176
2015-01-12,0.7382296875000001
2015-01-13,0.32339457745037853
2015-01-14,-0.7011091764705882
2015-01-15,-0.5279518518518519
2015-01-16,-0.2763486725663717
2015-01-17,-0.23944159292035397
2015-01-18,-0.25591780104712036
2015-01-19,0.12772195121951227
2015-01-20,0.1410925
2015-01-21,-0.46497600000000006
2015-01-22,-0.25884672489082966
2015-01-23,0.5732900862068966
2015-01-24,0.01609696969696972
2015-01-25,-0.005930645161290325
2015-01-26,-0.34396530612244897
2015-01-27,0.20408235294117646
2015-01-28,-0.14543902439024398
2015-01-29,0.38560823529411764
2015-01-30,0.214775
2015-01-31,0.0843983870967742
2015-02-01,0.514653488372093
2015-02-02,-0.28778387096774194
2015-02-03,0.24561445783132524
2015-02-04,0.12337623762376236
2015-02-05,0.9158933333333333
2015-02-06,0.035446363636363644
2015-02-07,0.35345947843530595
2015-02-08,-0.05173087557603688
2015-02-09,0.4170777777777778
2015-02-10,-0.15392499999999998
2015-02-11,0.6008347517730496
2015-02-12,0.08777112676056337
2015-02-13,0.2658632352941176
2015-02-14,0.0001140045916693998
2015-02-15,0.20500515463917526
2015-02-16,0.5273075829383886
2015-02-17,-0.16155693779904307
2015-02-18,-0.413016
2015-02-19,-0.21155423728813563
2015-02-20,0.6088038461538462
2015-02-21,0.2123376543209876
2015-02-22,-0.3991636363636364
2015-02-23,0.06832317757009346
2015-02-24,0.038921781561461796
2015-02-25,0.14996766467065867
2015-02-26,0.11651466905187835
2015-02-27,-0.24989921874999996
2015-02-28,-0.6477562162162162
2015-03-01,0.2353686046511628
2015-03-02,0.14511057471264366
2015-03-03,-0.5829227752639516
2015-03-04,0.009638546866333897
2015-03-05,0.07035512195121951
2015-03-06,0.3884085139318885
2015-03-07,-0.5412157407407409
2015-03-08,0.6087563667232597
2015-03-09,0.30454230769230767
2015-03-10,-0.29519999999999996
2015-03-11,0.5445370689655173
2015-03-12,0.027280769230769226
2015-03-13,0.015063660874775316
2015-03-14,0.16645972540045764
2015-03-15,-0.1812018348623853
2015-03-16,0.07804747474747475
2015-03-17,-0.6464237864077671
2015-03-18,0.04987704918032785
2015-03-19,0.1282973901098901
2015-03-20,-0.5081051273107778
2015-03-21,-0.00457167832167832
2015-03-22,0.5714885906040268
2015-03-23,-0.49063074074074076
2015-03-24,0.19000538687561214
2015-03-25,-0.20171485148514853
2015-03-26,0.4764
2015-03-27,0.3095517509727627
2015-03-28,-0.43400803571428576
2015-03-29,0.9519010204081633
2015-03-30,0.27577857142857143
2015-03-31,-0.26679238363892804
2015-04-01,0.1539766738660907
2015-04-02,0.209180559646539
2015-04-03,0.007503562945368189
2015-04-04,0.20276268656716417
2015-04-05,-0.40838578947368426
2015-04-06,0.27878045772691923
2015-04-07,-0.10966369606003754
2015-04-08,0.21379805714285713
2015-04-09,0.034114214016848894
2015-04-10,-0.10019055555555555
2015-04-11,-0.210395881006865
2015-04-12,0.40582947368421046
2015-04-13,0.08259931245225362
2015-04-14,-0.09744515027322405
2015-04-15,-0.12299068941009239
2015-04-16,-0.6266090198863637
2015-04-17,-0.2806282608695652
2015-04-18,-0.4354483711048159
2015-04-19,0.2715820253164557
2015-04-20,0.5735478559176673
2015-04-21,-0.24777323232323237
2015-04-22,0.25697389770723106
2015-04-23,-0.6272264726756566
2015-04-24,-0.08933742911153117
2015-04-25,0.005516255194329015
2015-04-26,-0.19322272108843536
2015-04-27,-0.6593375253549695
2015-04-28,-0.15204055666003974
2015-04-29,0.6320357502517623
2015-04-30,0.25689142212189614
2015-05-01,-0.24462281822051934
2015-05-02,-0.1409134851138354
2015-05-03,0.164996828543112
2015-05-04,0.06743149038461535
2015-05-05,0.11614013691226806
2015-05-06,0.6406408854166666
2015-05-07,-0.27038049347200704
2015-05-08,-0.6150187707641197
2015-05-09,0.3518117764471057
2015-05-10,-0.10452069591527989
2015-05-11,0.812005167238422
2015-05-12,0.052267931456548344
2015-05-13,-0.009010126582278491
2015-05-14,0.0518000577700751
2015-05-15,-0.3336964856230032
2015-05-16,0.14870856123662304
2015-05-17,-0.34383963963963965
2015-05-18,-0.3275147465437788
2015-05-19,0.126065
2015-05-20,-0.14201129326047363
2015-05-21,-0.856020823244552
2015-05-22,-0.16240961538461537
2015-05-23,0.7808559322033899
2015-05-24,-0.8903546391752576
2015-05-25,0.72052625
2015-05-26,-0.030322440944881842
2015-05-27,-0.13665011511895625
2015-05-28,-0.7306276243093923
2015-05-29,0.005545833333333301
2015-05-30,0.08094117647058822
2015-05-31,-0.5949180000000002
2015-06-01,0.7930681159420291
2015-06-02,-0.0736946835443038
2015-06-03,-0.18047772108843538
2015-06-04,-0.5197328947368421
2015-06-05,-0.5811394160583941
2015-06-06,0.048263636363636356
2015-06-07,-0.6442377272727273
2015-06-08,-0.3420079601990049
2015-06-09,0.23891855999999997
2015-06-10,-0.3054796407185628
2015-06-11,-0.24261698872785825
2015-06-12,-0.473451485148515
2015-06-13,0.16310000000000002
2015-06-14,-0.59532
2015-06-15,0.7876013698630138
2015-06-16,0.9237577136514982
2015-06-17,0.2403433673469387
2015-06-18,0.7275295454545454
2015-06-19,-0.13231041009463723
2015-06-20,-0.5994
2015-06-21,0.5672969924812029
2015-06-22,0.39570931372549023
2015-06-23,-0.2668183606557377
2015-06-24,-0.5223479738099451
2015-06-25,-0.3189964285714285
2015-06-26,5.890207715133533e-05
2015-06-27,-0.7290755555555555
2015-06-28,0.24297932263814614
2015-06-29,-0.08240739795918368
2015-06-30,0.04921826086956522
2015-07-01,-0.114225
2015-07-02,0.3203259259259259
2015-07-03,-0.09365981308411216
2015-07-04,-0.6555286082474225
2015-07-05,0.028342500000000003
2015-07-06,-0.10327875259875265
2015-07-07,0.15655
2015-07-08,-0.030132142857142864
2015-07-09,0.5019632603406327
2015-07-10,0.9353981018981019
2015-07-11,0.4293847107438017
2015-07-12,0.13095
2015-07-13,0.02013127753303961
2015-07-14,-0.049056432432432434
2015-07-15,0.2867318777292576
2015-07-16,0.7883764705882355
2015-07-17,0.03885769230769229
2015-07-18,0.5567448275862068
2015-07-19,-0.3681906249999999
2015-07-20,0.6511700510493477
2015-07-21,-0.35187751937984496
2015-07-22,0.15394482758620695
2015-07-23,-0.3855361111111112
2015-07-24,0.18088824701195216
2015-07-25,0.023628270042194085
2015-07-26,0.8076842105263157
2015-07-27,-0.8750238586156113
2015-07-28,0.9677343527013255
2015-07-29,0.4383157480314961
2015-07-30,0.8659611940298507
2015-07-31,0.25045477996965093
2015-08-01,0.16432279411764708
2015-08-02,0.0912447731755424
2015-08-03,0.7285821086261981
2015-08-04,-0.06456908077994433
2015-08-05,-0.04817013698630138
2015-08-06,0.19486197322756568
2015-08-07,0.34651506550218336
2015-08-08,-0.22087333333333334
2015-08-09,0.2513231724137931
2015-08-10,-0.40096497461928937
2015-08-11,-0.039879775280898935
2015-08-12,-0.4182672661870503
2015-08-13,-0.2618160083160084
2015-08-14,0.11626520074390112
2015-08-15,0.14351714922049
2015-08-16,-0.4978675564681726
2015-08-17,0.3482980769230769
2015-08-18,-0.2637569620253165
2015-08-19,0.051581640624999946
2015-08-20,0.3906093525179857
2015-08-21,-0.37218619091751626
2015-08-22,0.3495276811594203
2015-08-23,-0.16557901554404147
2015-08-24,-0.6501936224489797
2015-08-25,-0.2859216981132075
2015-08-26,0.05666086956521741
2015-08-27,-0.5942367109634552
2015-08-28,0.12417388724035609
2015-08-29,-0.46169262295081964
2015-08-30,-0.785004248366013
2015-08-31,-0.7107784758816376
2015-09-01,0.5615934121621622
2015-09-02,0.007416528925619843
2015-09-03,-0.5160549764347103
2015-09-04,-0.1167970588235294
2015-09-05,0.27972
2015-09-06,-0.014600000000000021
2015-09-07,-0.6574729281767957
2015-09-08,0.5473579439252336
2015-09-09,0.22482424242424243
2015-09-10,0.26684671052631576
2015-09-11,-0.05671264880952379
2015-09-12,0.37669230769230766
2015-09-13,-0.09795323383084581
2015-09-14,0.02585314842578711
2015-09-15,-0.61067
2015-09-16,0.2634837209302326
2015-09-17,-0.539968181818182
2015-09-18,0.5417217857142858
2015-09-19,0.559257114624506
2015-09-20,-0.044004477611940394
2015-09-21,0.5676394736842106
2015-09-22,-0.02613450000000004
2015-09-23,-0.2213517962466488
2015-09-24,-0.1984974358974359
2015-09-25,0.5334810344827586
2015-09-26,0.9336129032258065
2015-09-27,-0.07136725146198832
2015-09-28,-0.03978607305936072
2015-09-29,0.4790633064516129
2015-09-30,0.7012431506849316
2015-10-01,0.23645722222222218
2015-10-02,0.21976666666666667
2015-10-03,0.42339015471167374
2015-10-04,0.7311806841046279
2015-10-05,0.45520251524390243
2015-10-06,0.418706976744186
2015-10-07,-0.029214064649243466
2015-10-08,0.053449817295980494
2015-10-09,0.12694928774928774
2015-10-10,0.5079803827751196
2015-10-11,0.7791617647058824
2015-10-12,-0.7380941048034936
2015-10-13,0.5406090909090909
2015-10-14,-0.27526130952380956
2015-10-15,0.2426560606060606
2015-10-16,0.8014437499999998
2015-10-17,-0.4648926315789474
2015-10-18,0.8
2015-10-19,0.27082928176795584
2015-10-20,-0.1504421052631579
2015-10-21,0.5002016393442623
2015-10-22,0.02055078794107571
2015-10-23,0.676691111111111
2015-10-24,-0.13175764272559853
2015-10-25,-0.15861562500000004
2015-10-26,-0.00016864593151115509
2015-10-27,-0.6935913294797688
2015-10-28,-0.3105502722323049
2015-10-29,0.39072903225806455
2015-10-30,-0.28143571428571434
2015-10-31,0.012749999999999984
2015-11-01,0.9423771428571428
2015-11-02,0.14941159420289854
2015-11-03,-0.1847099486521181
2015-11-04,-0.017221212121212116
2015-11-05,-0.35343953488372093
2015-11-06,-0.02167806201550388
2015-11-07,0.2946664411366711
2015-11-08,-0.42464671052631564
2015-11-09,-0.11796000000000001
2015-11-10,0.36463333333333336
2015-11-11,-0.5718797653958944
2015-11-12,-0.1598
2015-11-13,0.10968196078431372
2015-11-14,-0.21196787264833578
2015-11-15,-0.3143584415584416
2015-11-16,0.0072440000000000004
2015-11-17,-0.42915
2015-11-18,0.9389829545454546
2015-11-19,0.9001
2015-11-20,0.18482352941176466
2015-11-21,0.5260263157894737
2015-11-22,-0.08085957446808512
2015-11-23,0.004408051282051282
2015-11-24,0.1415566265060241
2015-11-25,-0.5616871553610504
2015-11-26,-0.198132824427481
2015-11-27,-0.13659636363636365
2015-11-28,-0.2509489361702127
2015-11-29,0.03830487804878042
2015-11-30,0.08989748427672957
2015-12-01,-0.055881249999999986
2015-12-02,-0.5876104031209363
2015-12-03,-0.060302330508474604
2015-12-04,-0.17006984478935694
2015-12-05,-0.4510557692307691
2015-12-06,-0.5734202531645569
2015-12-07,-0.3837596928982726
2015-12-08,-0.17258775510204083
2015-12-09,-0.1009250248262165
2015-12-10,0.14000207947585813
2015-12-11,0.3168639705882353
2015-12-12,-0.6383565217391305
2015-12-13,-0.7193190476190475
2015-12-14,-0.032284488448844906
2015-12-15,-0.06357707317073172
2015-12-16,0.5070707602339182
2015-12-17,-0.24721818181818184
2015-12-18,-0.45381093647675186
2015-12-19,-0.3637527586206896
2015-12-20,0.6608181818181817
2015-12-21,0.7308397379912666
2015-12-22,-0.13024640522875813
2015-12-23,0.6816583333333334
2015-12-24,0.8130281671159029
2015-12-25,-0.5551375
2015-12-26,0.1154230769230769
2015-12-27,0.4621334928229665
2015-12-28,-0.19739658656703749
2015-12-29,0.16350281481481482
2015-12-30,-0.2916314148681055
2015-12-31,0.005129756097560977
2016-01-01,0.23115307262569834
2016-01-02,0.19085807340598773
2016-01-03,-0.4635739130434782
2016-01-04,0.1386753078817734
2016-01-05,-0.14851655629139074
2016-01-06,-0.13839629005059026
2016-01-07,0.05027559523809522
2016-01-08,-0.3580901701323251
2016-01-09,0.4642478260869564
2016-01-10,-0.12685887265135695
2016-01-11,-0.47311637931034484
2016-01-12,0.358274546799852
2016-01-13,-0.0027944444444444514
2016-01-14,-0.3552365482233504
2016-01-15,-0.305099727520436
2016-01-16,-0.4155735632183908
2016-01-17,-0.0957967741935484
2016-01-18,0.23424285714285714
2016-01-19,-0.6818084415584417
2016-01-20,-0.0765760651629073
2016-01-21,0.06114472817133446
2016-01-22,-0.060272222222222255
2016-01-23,-0.23976000000000003
2016-01-24,-0.1463391304347826
2016-01-25,-0.11259939759036151
2016-01-26,-0.6419753164556963
2016-01-27,-0.5434201357466064
2016-01-28,-0.5955799180327869
2016-01-29,-0.276365037593985
2016-01-30,-0.7273658483754513
2016-01-31,-0.42819999999999997
2016-02-01,0.20644487179487184
2016-02-02,-0.6152485714285715
2016-02-03,0.5417786163522013
2016-02-04,-0.6653508045977011
2016-02-05,-0.7562908284023668
2016-02-06,-0.0010348314606741578
2016-02-07,-0.043198438956197585
2016-02-08,0.4086811594202899
2016-02-09,-0.2753110344827587
2016-02-10,0.39003809523809524
2016-02-11,0.08966419213973797
2016-02-12,-0.13417004219409281
2016-02-13,-0.0925712
2016-02-14,0.1924186046511628
2016-02-15,-0.2720000000000001
2016-02-16,0.273181558726674
2016-02-17,0.8606014285714286
2016-02-18,-0.3938756097560976
2016-02-19,-0.537647901234568
2016-02-20,0.8524873417721518
2016-02-21,-0.2051470569620253
2016-02-22,-0.5079787153777425
2016-02-23,-0.13844358974358975
2016-02-24,-0.24722629107981225
2016-02-25,-0.026532021604938276
2016-02-26,-0.0913
2016-02-27,-0.20017221030042917
2016-02-28,-0.5646618666666666
2016-02-29,0.15036789168278533
2016-03-01,0.17505357142857142
2016-03-02,-0.0935931451612903
2016-03-03,-0.240589588377724
2016-03-04,0.6790364950316168
2016-03-05,-0.0960177215189874
2016-03-06,-0.0041753275430590295
2016-03-07,0.43864642384105956
2016-03-08,-0.2794101441631505
2016-03-09,-0.38542048558421854
2016-03-10,-0.5819058879392214
2016-03-11,-0.3024519163763066
2016-03-12,-0.44090289126335636
2016-03-13,-0.019686708860759496
2016-03-14,0.8656435079726652
2016-03-15,0.18313617021276596
2016-03-16,0.1318435520361991
2016-03-17,-0.382358904109589
2016-03-18,0.4292463157894737
2016-03-19,-0.24965755102040815
2016-03-20,0.7226790808240886
2016-03-21,0.9213322834645667
2016-03-22,-0.27853125
2016-03-23,0.5815622093023255
2016-03-24,0.377685592563904
2016-03-25,-0.14749206349206348
2016-03-26,-0.2775534090909091
2016-03-27,0.5076332012678288
2016-03-28,0.4987398343373494
2016-03-29,-0.3284140558848434
2016-03-30,-0.48431867088607605
2016-03-31,0.0396413223140496
2016-04-01,-0.48316699565732335
2016-04-02,-0.20683526011560696
2016-04-03,-0.1511897564370216
2016-04-04,0.0016540363269425102
2016-04-05,-0.14542679874869657
2016-04-06,-0.2076840366972477
2016-04-07,0.08790356937248128
2016-04-08,-0.23971523297491043
2016-04-09,0.20093644008409248
2016-04-10,-0.5319077151335311
2016-04-11,-0.35450360246705914
2016-04-12,-0.4153776725987631
2016-04-13,-0.08205984945841749
2016-04-14,-0.29201058099268945
2016-04-15,0.1577630590339892
2016-04-16,-0.33831751662971177
2016-04-17,0.4772802904564315
2016-04-18,0.018565172591447698
2016-04-19,0.07781267056530218
2016-04-20,0.48701439986682205
2016-04-21,0.014597261890711675
2016-04-22,-0.2508174872665534
2016-04-23,-0.3802440126050421
2016-04-24,0.23618335233751422
2016-04-25,-0.5906950857142858
2016-04-26,-0.1818758224942617
2016-04-27,-0.03186036121673005
2016-04-28,-0.40144009489916954
2016-04-29,-0.04825813034891381
2016-04-30,-0.07689697802197806
2016-05-01,-0.01754249563699827
2016-05-02,-0.08202966265994574
2016-05-03,-0.21994339229968787
2016-05-04,-0.19693530938987452
2016-05-05,-0.5058724187380496
2016-05-06,0.0026884903640256963
2016-05-07,-0.5437734948604993
2016-05-08,-0.1395486349563748
2016-05-09,-0.30435700768117563
2016-05-10,0.02954530386740335
2016-05-11,-0.44458423180592976
2016-05-12,-0.27313703196347033
2016-05-13,0.11898757729061268
2016-05-14,-0.1276961943319838
2016-05-15,-0.542109756097561
2016-05-16,-0.10648260869565217
2016-05-17,-0.3789165632754342
2016-05-18,-0.0753750242954325
2016-05-19,-0.443946537250787
2016-05-20,0.016112162162162158
2016-05-21,0.06415983935742976
2016-05-22,0.9011209446965879
2016-05-23,-0.16310905077262697
2016-05-24,-0.00885899893503731
2016-05-25,-0.10812521386762719
2016-05-26,0.1412681903569192
2016-05-27,0.40412223602484465
2016-05-28,0.49786826666666667
2016-05-29,-0.20229277108433738
2016-05-30,0.2763781690140846
2016-05-31,-0.5671866004605642
2016-06-01,0.4666241379310344
2016-06-02,0.45626193490054245
2016-06-03,0.10524235807860265
2016-06-04,0.48131791988756145
2016-06-05,0.02646765991902834
2016-06-06,0.10857248356095094
2016-06-07,0.2353920655737705
2016-06-08,-0.2365639080073863
2016-06-09,0.06785883333333333
2016-06-10,-0.43366462585034016
2016-06-11,0.38576381909547736
2016-06-12,0.23869672386895477
2016-06-13,0.30668857008466605
2016-06-14,-0.006816027519429226
2016-06-15,-0.07844511201629327
2016-06-16,0.3240493288590604
2016-06-17,-0.010525903614457826
2016-06-18,0.0754737849779087
2016-06-19,-0.031333412067854845
2016-06-20,-0.4966359001593202
2016-06-21,0.4998236149584488
2016-06-22,0.07374796437659033
2016-06-23,0.11484857556735875
2016-06-24,-0.2733475336322871
2016-06-25,-0.11377772337821303
2016-06-26,-0.6024751336898395
2016-06-27,-0.28748935960591127
2016-06-28,-0.026542395587076426
2016-06-29,0.724670523138833
2016-06-30,-0.08380831295843524
2016-07-01,0.023263500000000034
2016-07-02,0.6299581027667983
2016-07-03,0.2992143958868895
2016-07-04,0.3244321325648416
2016-07-05,-0.58557813174946
2016-07-06,-0.017285479452054817
2016-07-07,0.09283279816513759
2016-07-08,0.035667326732673255
2016-07-09,-0.6945015544041451
2016-07-10,0.3262717948717949
2016-07-11,0.31478752627890677
2016-07-12,0.1157720620842572
2016-07-13,0.01837141162514828
2016-07-14,0.0023893442622950974
2016-07-15,-0.16340710751237067
2016-07-16,0.2576333333333333
2016-07-17,-0.43752986111111114
2016-07-18,0.5103340302811824
2016-07-19,-0.5449226233453671
2016-07-20,0.04704055555555555
2016-07-21,0.7049826532548871
2016-07-22,0.6158537117903929
2016-07-23,0.15944113029827314
2016-07-24,0.16246341063884814
2016-07-25,-0.6281528194323954
2016-07-26,0.3287578288100209
2016-07-27,0.021186186770428012
2016-07-28,0.2768119130434783
2016-07-29,-0.44928006072874493
2016-07-30,-0.6691575471698115
2016-07-31,0.46191416803953866
2016-08-01,0.602817345750873
2016-08-02,0.2799954195459033
2016-08-03,0.19837882352941175
2016-08-04,0.026436338797814197
2016-08-05,-0.34058382126348224
2016-08-06,-0.21093971291866032
2016-08-07,0.11300256959314776
2016-08-08,-0.6645942109314859
2016-08-09,-0.047306138975966576
2016-08-10,0.33725920293654965
2016-08-11,0.008826930693069312
2016-08-12,0.004461890694239289
2016-08-13,-0.33634828178694154
2016-08-14,0.14900957446808508
2016-08-15,0.8771367631743389
2016-08-16,0.046182119205297995
2016-08-17,0.012835872395833331
2016-08-18,0.15507079975201485
2016-08-19,-0.5146422306959009
2016-08-20,-0.09315545243619487
2016-08-21,-0.43658121951219514
2016-08-22,-0.7662448961156278
2016-08-23,0.13987018348623848
2016-08-24,-0.09911743951612903
2016-08-25,-0.3795140859140859
2016-08-26,0.05140769230769227
2016-08-27,-0.12795929018789148
2016-08-28,-0.4886799836934367
2016-08-29,-0.4103213725490196
2016-08-30,-0.03817273972602739
2016-08-31,-0.08857685185185185
2016-09-01,0.004852782558806657
2016-09-02,-0.22766605922551256
2016-09-03,0.05033314415437001
2016-09-04,0.3513697899838448
2016-09-05,0.1286121951219512
2016-09-06,0.330575106685633
2016-09-07,-0.15411542857142854
2016-09-08,-0.035744493392070496
2016-09-09,-0.04642560386473433
2016-09-10,0.19088294914013904
2016-09-11,-0.0020615942028985672
2016-09-12,0.07180614412862475
2016-09-13,-0.20294320601127114
2016-09-14,-0.1480054054054054
2016-09-15,-0.0009400544217687083
2016-09-16,-0.10416612903225807
2016-09-17,0.13989097918272936
2016-09-18,-0.3386051693404635
2016-09-19,0.01994851063829787
2016-09-20,-0.090379133126935
2016-09-21,-0.8425453307392995
2016-09-22,0.5945745390070923
2016-09-23,-0.04271407731582786
2016-09-24,0.027121052631578935
2016-09-25,-0.2828358208955224
2016-09-26,-0.47060778259047087
2016-09-27,0.09139643744821875
2016-09-28,-0.4866472760290557
2016-09-29,0.006360144927536232
2016-09-30,-0.008256339370829374
2016-10-01,0.6175
2016-10-02,-0.6050825581395348
2016-10-03,-0.10476389148737136
2016-10-04,0.03598415545590433
2016-10-05,0.8465230375939848
2016-10-06,-0.10344230769230764
2016-10-07,0.15073024351924583
2016-10-08,0.1906758974358974
2016-10-09,-0.0670056
2016-10-10,0.1392512957563978
2016-10-11,0.13679663278271917
2016-10-12,0.11169636668529906
2016-10-13,0.3887644894584538
2016-10-14,-0.426566507936508
2016-10-15,-0.1147801767676768
2016-10-16,-0.111167084078712
2016-10-17,-0.1903362662586075
2016-10-18,-0.15902367538564727
2016-10-19,0.47779501835343463
2016-10-20,-0.14807567389875084
2016-10-21,-0.0890475907111756
2016-10-22,0.087493837535014
2016-10-23,0.22807579650565263
2016-10-24,-0.07434909318323953
2016-10-25,-0.3696025993883792
2016-10-26,-0.09856271736853132
2016-10-27,0.16661675392670156
2016-10-28,0.01740534351145037
2016-10-29,-0.20035537190082645
2016-10-30,-0.15769416498993963
2016-10-31,0.41481588235294115
2016-11-01,-0.1062316844919786
2016-11-02,0.11887642180094786
2016-11-03,-0.018795895020188476
2016-11-04,-0.346121545872564
2016-11-05,0.2678898326359832
2016-11-06,0.1305900595106899
2016-11-07,0.8143820212171972
2016-11-08,-0.22075891225833866
2016-11-09,-0.10396773584905658
2016-11-10,0.15469191919191924
2016-11-11,0.1785114035087719
2016-11-12,0.5854426659528907
2016-11-13,-0.005327249999999979
2016-11-14,0.4754993239164554
2016-11-15,-0.05299370002835271
2016-11-16,-0.20806913123844734
2016-11-17,-0.059257301927194875
2016-11-18,0.007902475247524753
2016-11-19,0.29863897435897435
2016-11-20,-0.12604187643020595
2016-11-21,-0.49114968584892194
2016-11-22,0.010315873015873021
2016-11-23,0.43181883959044376
2016-11-24,-0.008108191653786748
2016-11-25,-0.1608628834355828
2016-11-26,0.19752503793626708
2016-11-27,0.05427651551312649
2016-11-28,0.3822393674293405
2016-11-29,0.37872322053675617
2016-11-30,-0.03622206703910616
2016-12-01,0.4100032352941176
2016-12-02,-0.048422176308539976
2016-12-03,0.3570673414304994
2016-12-04,0.11764316644113669
2016-12-05,0.7375070803102327
2016-12-06,-0.06480044843049329
2016-12-07,-0.3048427404926831
2016-12-08,-0.001400790513833992
2016-12-09,0.004318030745081981
2016-12-10,0.005372428884026257
2016-12-11,0.2446427364864865
2016-12-12,0.10768623734095037
2016-12-13,0.6697849643551524
2016-12-14,0.0811958563535911
2016-12-15,0.07005363382250174
2016-12-16,-0.18734005592450192
2016-12-17,0.14500859598853869
2016-12-18,0.2667621380846325
2016-12-19,0.8932138950015718
2016-12-20,-0.1341461948790896
2016-12-21,0.3262534188034188
2016-12-22,0.2189226102941176
2016-12-23,0.40413340336134446
2016-12-24,0.3498519198664441
2016-12-25,-0.3525246527777778
2016-12-26,-0.41080576
2016-12-27,0.8623142696629215
2016-12-28,-0.272811963190184
2016-12-29,0.024787499999999994
2016-12-30,-0.15864711729622272
2016-12-31,0.10720437665782492
2017-01-01,-0.1280307629615698
2017-01-02,-0.35315913978494623
2017-01-03,0.8330429476108232
2017-01-04,-0.012326816608996542
2017-01-05,0.3915803921568627
2017-01-06,-0.5419434919459359
2017-01-07,0.01478867924528302
2017-01-08,-0.17678575268817207
2017-01-09,-0.5415834565830603
2017-01-10,-0.3501725913266395
2017-01-11,0.020336296296296307
2017-01-12,0.4226610135135135
2017-01-13,-0.3899350877192983
2017-01-14,0.803839651416122
2017-01-15,-0.11411762034514077
2017-01-16,0.20262862783810462
2017-01-17,0.6559955294117648
2017-01-18,-0.046884556254367576
2017-01-19,0.6486813397129185
2017-01-20,0.11306170212765958
2017-01-21,0.055809677419354824
2017-01-22,-0.38596801152737753
2017-01-23,0.6274422062350119
2017-01-24,0.06013027815777472
2017-01-25,0.26328905608755127
2017-01-26,0.055374396642182584
2017-01-27,0.008100108813928194
2017-01-28,0.24155737179487183
2017-01-29,0.06816298405466967
2017-01-30,0.4908929399367755
2017-01-31,-0.041986956521739144
2017-02-01,-0.7036684759916492
2017-02-02,-0.028567690782953452
2017-02-03,0.3322971698113208
2017-02-04,-0.2967114754098361
2017-02-05,0.7738528266033254
2017-02-06,-0.7418836729801006
2017-02-07,0.03283014642549527
2017-02-08,-0.03785013850415514
2017-02-09,0.20469646017699109
2017-02-10,0.12882150537634413
2017-02-11,-0.571536529597283
2017-02-12,0.025103257328990214
2017-02-13,0.7661386515353802
2017-02-14,-0.02400606060606061
2017-02-15,0.3501585324232082
2017-02-16,0.31697791878172593
2017-02-17,-0.04098479809976247
2017-02-18,-0.0004313844456701554
2017-02-19,0.31672288135593224
2017-02-20,0.8169642512077295
2017-02-21,-0.1238235906331309
2017-02-22,0.015094484569927789
2017-02-23,-0.041677856301531216
2017-02-24,-0.036107200460829485
2017-02-25,-0.4061580796252927
2017-02-26,0.07598349429323971
2017-02-27,0.6727829782608695
2017-02-28,0.22801331293037494
2017-03-01,-0.04768138686131384
2017-03-02,0.05183777777777777
2017-03-03,-0.17716782945736437
2017-03-04,-0.5470901060070671
2017-03-05,-0.4855431235431236
2017-03-06,0.7153223812621992
2017-03-07,0.48277587221521656
2017-03-08,0.34291123686337915
2017-03-09,0.8438767693138844
2017-03-10,-0.22023361730013108
2017-03-11,0.36368430173292554
2017-03-12,0.8927154867256636
2017-03-13,0.7227989769820972
2017-03-14,0.3407860655737705
2017-03-15,-0.23820970762300148
2017-03-16,-0.3353119685039371
2017-03-17,-0.05402409356725142
2017-03-18,-0.10354945770065076
2017-03-19,0.2527329341317366
2017-03-20,0.6743248414376322
2017-03-21,-0.20555548796851236
2017-03-22,0.0352771349862259
2017-03-23,0.01569568690095847
2017-03-24,0.0027857823421453395
2017-03-25,0.09646789612967252
2017-03-26,0.13445915813424347
2017-03-27,-0.429808569986824
2017-03-28,0.031173458653710084
2017-03-29,0.0047932255089735394
2017-03-30,0.08771868725868727
2017-03-31,0.2573404196576477
2017-04-01,-0.12738942307692305
2017-04-02,-0.23084180672268906
2017-04-03,0.17250049423393737
2017-04-04,0.48150642090950285
2017-04-05,0.1593448275862069
2017-04-06,0.0464425414364641
2017-04-07,0.37975375000000006
2017-04-08,0.012983542319749212
2017-04-09,0.5777733333333334
2017-04-10,0.7704179240506329
2017-04-11,0.005632536973833911
2017-04-12,0.33334453004622494
2017-04-13,0.39340302197802196
2017-04-14,0.435015350877193
2017-04-15,0.15498658743633278
2017-04-16,-0.4706119421284944
2017-04-17,-0.5840315691158158
2017-04-18,-0.15055192842942353
2017-04-19,0.2075760638297872
2017-04-20,0.09890847589424574
2017-04-21,0.03805961538461538
2017-04-22,-0.06761601830663616
2017-04-23,-0.06216803278688529
2017-04-24,-0.6969297423887588
2017-04-25,0.11336558704453438
2017-04-26,-0.7420130030959753
2017-04-27,-0.42846917562724013
2017-04-28,0.5605692466460268
2017-04-29,0.9740299729364005
2017-04-30,0.249894366197183
2017-05-01,0.3981152592592593
2017-05-02,0.45735796610169493
2017-05-03,0.2846639344262295
2017-05-04,0.12353851351351354
2017-05-05,-0.3372788976377953
2017-05-06,-0.006416708542713569
2017-05-07,-0.2345825322391559
2017-05-08,0.17695066181336863
2017-05-09,-0.22976741573033704
2017-05-10,0.08539073170731709
2017-05-11,0.09535041666666667
2017-05-12,0.40812360616844606
2017-05-13,0.5739398901098901
2017-05-14,0.08848317757009347
2017-05-15,-0.0007897142857142791
2017-05-16,0.256238134057971
2017-05-17,0.06328651315789471
2017-05-18,0.031087679083094552
2017-05-19,-0.4658200181433323
2017-05-20,0.02069398496240601
2017-05-21,0.28226666666666667
2017-05-22,-0.05427304964539007
2017-05-23,-0.1706110738255034
2017-05-24,0.01297130370370371
2017-05-25,0.05112275810097963
2017-05-26,0.0158095712253607
2017-05-27,-0.08139118982742961
2017-05-28,-0.058516556836902794
2017-05-29,0.602544542072858
2017-05-30,0.03351035414165666
2017-05-31,0.2359344827586207
2017-06-01,0.18710292294065545
2017-06-02,-0.46957396471011886
2017-06-03,0.023291377379619255
2017-06-04,0.03936348596256684
2017-06-05,0.7456243585566507
2017-06-06,-0.057024089852827274
2017-06-07,0.004398019207683076
2017-06-08,0.17673231707317075
2017-06-09,0.004451732882502112
2017-06-10,-0.17686682011699142
2017-06-11,0.08108405740884407
2017-06-12,0.059168998960859004
2017-06-13,0.058084059945504085
2017-06-14,0.09076638069705094
2017-06-15,0.0027559850374064884
2017-06-16,0.10548224687933425
2017-06-17,0.009001587696905547
2017-06-18,-0.37076498673740055
2017-06-19,0.8801114225401665
2017-06-20,0.3599624838292368
2017-06-21,0.18331946857434853
2017-06-22,0.32411318458417854
2017-06-23,0.07602924411400248
2017-06-24,-0.516268428005284
2017-06-25,0.4584950499168054
2017-06-26,0.1351790132036136
2017-06-27,0.0553263492063492
2017-06-28,0.1238928258270227
2017-06-29,0.644214186916594
2017-06-30,0.11910392609699771
2017-07-01,0.18569664694280075
2017-07-02,0.07563842592592593
2017-07-03,0.19629014326647562
2017-07-04,-0.3570942167577413
2017-07-05,0.22265576466598844
2017-07-06,0.19084580811138016
2017-07-07,0.35723402262973075
2017-07-08,0.10754086074092188
2017-07-09,0.3004212526603831
2017-07-10,0.8149856207452061
2017-07-11,0.03688901913230935
2017-07-12,0.013162256366481717
2017-07-13,-0.03954323682961556
2017-07-14,-0.055143378315288684
2017-07-15,-0.32710430638297877
2017-07-16,-0.1645986673414305
2017-07-17,0.2046799901185771
2017-07-18,-0.16837640061396775
2017-07-19,0.12164452887537992
2017-07-20,0.18870770053475935
2017-07-21,0.3155915695415695
2017-07-22,0.3688962372448979
2017-07-23,0.10857341401676952
2017-07-24,-0.235306701274186
2017-07-25,0.3433790084388186
2017-07-26,0.18083469387755105
2017-07-27,0.5808875283446713
2017-07-28,0.6672928167420815
2017-07-29,-0.1009057522123894
2017-07-30,0.12620992647058824
2017-07-31,0.260490073284477
2017-08-01,0.009499705304518677
2017-08-02,0.6390232240437159
2017-08-03,0.02634428332403792
2017-08-04,0.21702385834109975
2017-08-05,0.02658295857988165
2017-08-06,-0.12140577971646672
2017-08-07,0.21492036747458948
2017-08-08,-0.13082210526315788
2017-08-09,0.06027437641723356
2017-08-10,0.15264586288416074
2017-08-11,0.4982486203615604
2017-08-12,0.2801974025974026
2017-08-13,0.07866219931271477
2017-08-14,0.11582183476394854
2017-08-15,0.27658184902459715
2017-08-16,0.7261225025227043
2017-08-17,0.10032329749103934
2017-08-18,0.26508095238095236
2017-08-19,0.0098133072407045
2017-08-20,-0.0027846153846153862
2017-08-21,0.3363505945531262
2017-08-22,-0.5461138528138528
2017-08-23,-0.3969693965517242
2017-08-24,0.2818122470713525
2017-08-25,0.2417503037667072
2017-08-26,0.6761583106267031
2017-08-27,0.5823647546207775
2017-08-28,-0.4700049504950494
2017-08-29,-0.5160449592290586
2017-08-30,0.16073720219914478
2017-08-31,0.897666377171216
2017-09-01,0.09382692913385825
2017-09-02,0.5719033809166041
2017-09-03,0.4047700527704487
2017-09-04,-0.2033063655913978
2017-09-05,0.328374630541872
2017-09-06,-0.01668335535006606
2017-09-07,0.0963763723150358
2017-09-08,-0.05455823045267489
2017-09-09,0.4838897859054415
2017-09-10,0.14930027522935782
2017-09-11,0.9656123424598
2017-09-12,0.05926794425087108
2017-09-13,0.27391420000000005
2017-09-14,-0.012251395007342158
2017-09-15,0.3926528985507247
2017-09-16,0.9974048319745478
2017-09-17,0.14776676923076923
2017-09-18,0.8543981822511508
2017-09-19,0.029256309650053026
2017-09-20,-0.06910056737588653
2017-09-21,0.4902594893617022
2017-09-22,0.4932362745098039
2017-09-23,0.11504686411149824
2017-09-24,0.004888485263879366
2017-09-25,0.951653895515101
2017-09-26,0.1051140445126631
2017-09-27,0.1346453599667083
2017-09-28,0.3830958592132505
2017-09-29,0.2360951656222023
2017-09-30,0.6406732718894009
2017-10-01,-0.6218277139824374
2017-10-02,0.20169454191033137
2017-10-03,0.44716805759623857
2017-10-04,0.4742076601671309
2017-10-05,0.1328639240506329
2017-10-06,0.2697152380952381
2017-10-07,-0.0004231742940603731
2017-10-08,-0.31212445355191254
2017-10-09,0.8079651674326986
2017-10-10,0.4500021634615384
2017-10-11,0.12648962025316457
2017-10-12,0.21935738636363647
2017-10-13,0.3167433386837881
2017-10-14,-0.27761463790446844
2017-10-15,0.27036099999999996
2017-10-16,0.19481373901702362
2017-10-17,0.08304269911504424
2017-10-18,-0.08979061032863858
2017-10-19,0.20785599520383694
2017-10-20,0.2583519024750647
2017-10-21,0.0970320916905444
2017-10-22,-0.3228022169437846
2017-10-23,0.09912735940010713
2017-10-24,0.49701781094527364
2017-10-25,0.9030138277812697
2017-10-26,-0.021143750000000006
2017-10-27,0.07923498098859315
2017-10-28,0.4017752047654504
2017-10-29,0.9370666666666666
2017-10-30,-0.43963524533517623
2017-10-31,0.42659097864201456
2017-11-01,0.43117866242038205
2017-11-02,0.2598601147776183
2017-11-03,0.3033709833422891
2017-11-04,0.5207223509933775
2017-11-05,-0.5677412639405204
2017-11-06,0.5115816901408451
2017-11-07,-0.12121251691474966
2017-11-08,0.379662193927522
2017-11-09,0.017072125813449024
2017-11-10,0.0921628744530461
2017-11-11,0.9099541901244308
2017-11-12,-0.23028227146814406
2017-11-13,0.7955038703870387
2017-11-14,0.5700280373831776
2017-11-15,-0.07072201871505193
2017-11-16,0.039211240310077514
2017-11-17,-0.3936024983984626
2017-11-18,-0.011707098189797037
2017-11-19,0.6702579156148576
2017-11-20,0.540726678141136
2017-11-21,0.5027474576271187
2017-11-22,0.2612224056603773
2017-11-23,0.3909211790393013
2017-11-24,-0.44592847184986595
2017-11-25,-0.06969185784658692
2017-11-26,0.601046585594013
2017-11-27,0.18761629072681707
2017-11-28,-0.5919996533754628
2017-11-29,-0.46928646610263836
2017-11-30,-0.5011158812274114
2017-12-01,0.840508222754748
2017-12-02,-0.3984680743243244
2017-12-03,-0.3172930743243244
2017-12-04,0.10442624454148466
2017-12-05,-0.059652808988764024
2017-12-06,-0.41088107692307685
2017-12-07,0.39689228791773773
2017-12-08,0.11327875463535227
2017-12-09,-0.3233442653673163
2017-12-10,0.028927928692699494
2017-12-11,0.08572759032943678
2017-12-12,-0.281169600949685
2017-12-13,-0.2572231578947368
2017-12-14,0.5885955882352941
2017-12-15,0.265785593220339
2017-12-16,0.2237829782655476
2017-12-17,0.7248856382978723
2017-12-18,0.4920629384878022
2017-12-19,-0.09814857142857145
2017-12-20,0.15656510480887792
2017-12-21,0.622598891966759
2017-12-22,0.03543827586206896
2017-12-23,0.12597640302793006
2017-12-24,0.12476853220696942
2017-12-25,0.07482063492063497
2017-12-26,0.015842082111436954
2017-12-27,0.8572749875683738
2017-12-28,0.20475624999999995
2017-12-29,-0.33883602787456446
2017-12-30,0.4313916083916084
2017-12-31,-0.6375641772328271
2018-01-01,-0.01033169391304348
2018-01-02,0.9360222781623663
2018-01-03,-0.22186906077348065
2018-01-04,0.002598967975515079
2018-01-05,0.2174120192307692
2018-01-06,0.4072974311926605
2018-01-07,0.31842279202279195
2018-01-08,0.8653283526838297
2018-01-09,0.2557162828947368
2018-01-10,0.65455
2018-01-11,0.17787111111111106
2018-01-12,-0.4679703148425788
2018-01-13,0.5129098765432099
2018-01-14,-0.2565887139107611
2018-01-15,-0.009877777777777744
2018-01-16,0.12187471404605764
2018-01-17,-0.005123699421965337
2018-01-18,0.6005122533748702
2018-01-19,0.4651633992548008
2018-01-20,0.17475423728813555
2018-01-21,0.14779962962962961
2018-01-22,0.4049747293766331
2018-01-23,0.7419579852579853
2018-01-24,0.13228983050847457
2018-01-25,0.40993525572246076
2018-01-26,0.39594555752695504
2018-01-27,0.3800503485130111
2018-01-28,0.522418386190285
2018-01-29,0.7733981481481482
2018-01-30,0.15392985590778102
2018-01-31,0.005977628372690618
2018-02-01,0.4638581406504845
2018-02-02,-0.23442871157619363
2018-02-03,-0.6370913012562218
2018-02-04,-0.12358250336473763
2018-02-05,0.7775353067814855
2018-02-06,-0.3090838877338878
2018-02-07,-0.24523648867313916
2018-02-08,0.5895011986301372
2018-02-09,0.4038247250030899
2018-02-10,-0.017178495660559293
2018-02-11,-0.13012751235584843
2018-02-12,0.09908969046430352
2018-02-13,-0.0009732176387747922
2018-02-14,0.32653612191958503
2018-02-15,0.000908882004884365
2018-02-16,0.5860127427759357
2018-02-17,-0.03490120620333139
2018-02-18,0.11702203459076674
2018-02-19,0.9660942540973031
2018-02-20,-0.09231223984142715
2018-02-21,0.4461319290465631
2018-02-22,0.450895719844358
2018-02-23,-0.45261890145395783
2018-02-24,0.0049379613356766265
2018-02-25,0.08288517499016909
2018-02-26,0.19755801886792454
2018-02-27,0.9326457118291896
2018-02-28,-0.23465498860831593
2018-03-01,-0.5885263213755041
2018-03-02,-0.2561172641509433
2018-03-03,0.26018410852713186
2018-03-04,0.45219675052410907
2018-03-05,0.32306130434782604
2018-03-06,-0.6286811641595814
2018-03-07,0.23197202572347267
2018-03-08,-0.537359242943384
2018-03-09,-0.007335551504102096
2018-03-10,0.009396616673845793
2018-03-11,0.4262253086419754
2018-03-12,0.9014270632414442
2018-03-13,-0.005525609756097509
2018-03-14,-0.575461031784841
2018-03-15,-0.14290432232170422
2018-03-16,-0.3662886647574503
2018-03-17,-0.27944052167523875
2018-03-18,-0.0526864578313253
2018-03-19,0.03464904824926882
2018-03-20,0.3825801767401265
2018-03-21,0.4502187043019895
2018-03-22,-0.4404050913330742
2018-03-23,-0.3522973634651602
2018-03-24,-0.21510100130605136
2018-03-25,-0.5012537503354857
2018-03-26,0.6046758345711829
2018-03-27,0.4198940149625935
2018-03-28,0.0019129520734847611
2018-03-29,0.2952738606600314
2018-03-30,0.3369107142857143
2018-03-31,0.5187075002447861
2018-04-01,0.4587946428571429
2018-04-02,0.7529307464454975
2018-04-03,-0.05507815779246019
2018-04-04,-0.2135350729656196
2018-04-05,-0.27131032040472175
2018-04-06,0.45933726443768996
2018-04-07,-0.06559496544916092
2018-04-08,-0.0753538576003623
2018-04-09,0.13108343872518022
2018-04-10,0.27092602739726024
2018-04-11,-0.0455819867549669
2018-04-12,-0.19481764438381083
2018-04-13,0.008181224921645736
2018-04-14,-0.027927900737759893
2018-04-15,0.180255168408827
2018-04-16,-0.24717281845536607
2018-04-17,-0.2787847234416154
2018-04-18,-0.2903855158730159
2018-04-19,-0.43603991989319085
2018-04-20,-0.25634025915996433
2018-04-21,0.1459974193548387
2018-04-22,0.2560568872987478
2018-04-23,0.1363062754491017
2018-04-24,0.623433408517978
2018-04-25,0.14363579318448882
2018-04-26,-0.27349367165211375
2018-04-27,-0.8092919961804961
2018-04-28,-0.5443774091627173
2018-04-29,-0.772337227082261
2018-04-30,-0.9047881556420235
2018-05-01,-0.34816137254901963
2018-05-02,-0.5080615596963425
2018-05-03,-0.03969681818181819
2018-05-04,-0.8267688218120173
2018-05-05,-0.5327159688412852
2018-05-06,-0.35290532030401733
2018-05-07,-0.4820429131136207
2018-05-08,-0.22641249586776874
2018-05-09,-0.005279223968565748
2018-05-10,-0.12065765835527335
2018-05-11,-0.21232374581939797
2018-05-12,-0.029055102040816353
2018-05-13,-0.6544969668246445
2018-05-14,0.653003588987217
2018-05-15,0.610813435024934
2018-05-16,-0.26017038269550746
2018-05-17,0.19349481481481481
2018-05-18,0.8042214912280702
2018-05-19,0.3126561046511628
2018-05-20,0.7971631111111112
2018-05-21,-0.06761560505925251
2018-05-22,0.1942695187165776
2018-05-23,0.20106687500000003
2018-05-24,-0.1493783805668016
2018-05-25,-0.2958487148102815
2018-05-26,0.6580666666666666
2018-05-27,0.6050561837455831
2018-05-28,-0.9553250170051503
2018-05-29,-0.9689350461133069
2018-05-30,0.04962211483635533
2018-05-31,0.21659353686261776
2018-06-01,0.26517563157894736
2018-06-02,-0.10242162260050701
2018-06-03,0.18450137448456827
2018-06-04,-0.07752992511520737
2018-06-05,0.7205471969333973
2018-06-06,0.6582978075517663
2018-06-07,-0.6871896551724138
2018-06-08,0.025810077519379897
2018-06-09,-0.6744967611336032
2018-06-10,0.2851778828944003
2018-06-11,-0.451409636897694
2018-06-12,0.6395872146118721
2018-06-13,-0.6809116556443288
2018-06-14,0.41338090815273465
2018-06-15,0.7258865080135988
2018-06-16,-0.31282847854356305
2018-06-17,-0.09802753872633392
2018-06-18,0.9496626038938859
2018-06-19,-0.48931986908440395
2018-06-20,0.2272
2018-06-21,0.2596406212664277
2018-06-22,-0.12029957264957264
2018-06-23,0.32843955321944807
2018-06-24,0.0009952237909282068
2018-06-25,-0.2692424815983176
2018-06-26,0.5039480769230769
2018-06-27,0.8397226648351649
2018-06-28,0.4510049689440993
2018-06-29,0.21807166154132884
2018-06-30,-0.08706516079632466
2018-07-01,0.5926728399433427
2018-07-02,0.16639550075301207
2018-07-03,-0.22378483412322275
2018-07-04,-0.4028383858267716
2018-07-05,0.07728886138613861
2018-07-06,-0.07287799999999998
2018-07-07,-0.3486207171314741
2018-07-08,0.48993069472442113
2018-07-09,0.11191976744186047
2018-07-10,0.3872478140819144
2018-07-11,-0.5438641304347825
2018-07-12,0.703382320441989
2018-07-13,0.654461875
2018-07-14,-0.5410535256410256
2018-07-15,0.6484666666666666
2018-07-16,0.742140291262136
2018-07-17,0.7181103030303031
2018-07-18,-0.8463231791338583
2018-07-19,-0.7128374764595103
2018-07-20,-0.4894270531400967
2018-07-21,-0.8454520491803278
2018-07-22,-0.5642052631578948
2018-07-23,0.9845477631578947
2018-07-24,7.038535110903434e-05
2018-07-25,0.40934212860310415
2018-07-26,-0.928259111111111
2018-07-27,-0.27467023037875826
2018-07-28,0.8403442307692307
2018-07-29,-0.03294617299315495
2018-07-30,0.9497823082763855
2018-07-31,0.017130389511140827
2018-08-01,-0.6076968741038142
2018-08-02,0.8917516923076924
2018-08-03,-0.5344463414634146
2018-08-04,-0.3686108597285068
2018-08-05,-0.43063550387596894
2018-08-06,0.15910616929698704
2018-08-07,0.32420843268391975
2018-08-08,-0.8983920915712799
2018-08-09,0.0016931377684651651
2018-08-10,-0.00040735138004246356
2018-08-11,-0.7843120272783632
2018-08-12,-0.010865032018874284
2018-08-13,0.37830893393393394
2018-08-14,-0.19210057692307697
2018-08-15,0.714164527027027
2018-08-16,-0.4671633986928104
2018-08-17,0.15372627118644067
2018-08-18,-0.2346868421052632
2018-08-19,0.19023401459854017
2018-08-20,0.5605994766681205
2018-08-21,-0.08911093229744725
2018-08-22,0.5375188172043012
2018-08-23,0.404875
2018-08-24,0.759994252873563
2018-08-25,0.2791247863247863
2018-08-26,0.03241440397350994
2018-08-27,0.11293992467043314
2018-08-28,0.06718138020833335
2018-08-29,0.8334907473309608
2018-08-30,-0.6232328190743338
2018-08-31,0.513046875
2018-09-01,0.47047823834196884
2018-09-02,0.0018692128256020955
2018-09-03,0.050665801886792455
2018-09-04,0.4161130434782609
2018-09-05,0.36862921845867
2018-09-06,0.20468461538461538
2018-09-07,0.8306458471760797
2018-09-08,-0.3237826086956522
2018-09-09,0.20289844961240314
2018-09-10,-0.2042017296604741
2018-09-11,0.4267285714285714
2018-09-12,0.6093742987901581
2018-09-13,0.012102495543672008
2018-09-14,0.049358491803278684
2018-09-15,0.25863969658659924
2018-09-16,-0.20260364372469636
2018-09-17,0.9502036130536132
2018-09-18,0.424798779601647
2018-09-19,0.4076058823529412
2018-09-20,0.01686372136512389
2018-09-21,0.2060215053763441
2018-09-22,0.036221485995850615
2018-09-23,0.9109258813855483
2018-09-24,0.04397058336781134
2018-09-25,-0.804842268041237
2018-09-26,0.4099299683544303
2018-09-27,0.2084560240963855
2018-09-28,0.6834746575342466
2018-09-29,0.4907451038575667
2018-09-30,-0.02817016768569526
2018-10-01,0.6159413065326633
2018-10-02,0.060892325581395346
2018-10-03,-0.49385362318840575
2018-10-04,-0.18810925507900675
2018-10-05,-0.7035315789473685
2018-10-06,-0.026707558139534883
2018-10-07,0.5729217391304348
2018-10-08,0.2794220229910346
2018-10-09,-0.09886013986013988
2018-10-10,-0.19842329545454546
2018-10-11,0.6405915662650602
2018-10-12,0.7820949367088607
2018-10-13,-0.433981308411215
2018-10-14,-0.16794598337950134
2018-10-15,0.9856331532416502
2018-10-16,-0.9397881199538639
2018-10-17,0.4618227848101266
2018-10-18,0.2988333333333334
2018-10-19,0.551559243697479
2018-10-20,0.19870513196480938
2018-10-21,-0.5934168528864059
2018-10-22,0.7757503105590063
2018-10-23,0.48736666666666667
2018-10-24,0.7009673076923076
2018-10-25,0.2460230769230769
2018-10-26,0.4402431255337319
2018-10-27,0.3459868131868132
2018-10-28,0.04816576728499157
2018-10-29,-0.2714151632970451
2018-10-30,0.01759999999999997
2018-10-31,0.8990180722891568
2018-11-01,0.10333798882681564
2018-11-02,0.27719345991561184
2018-11-03,0.05529688111888112
2018-11-04,0.8454055555555555
2018-11-05,0.8655405882352939
2018-11-06,0.4364354066985646
2018-11-07,0.7705683333333333
2018-11-08,-0.013612666666666667
2018-11-09,-0.24685937500000005
2018-11-10,-0.5395674757281553
2018-11-11,0.8808769230769232
2018-11-12,-0.2314485844748858
2018-11-13,0.3287132601993835
2018-11-14,-0.16961633986928104
2018-11-15,0.326584
2018-11-16,0.6906862068965517
2018-11-17,0.1177075075075075
2018-11-18,0.17271625000000002
2018-11-19,0.3012318558764656
2018-11-20,0.21360030384641945
2018-11-21,0.8142642244738894
2018-11-22,-0.29344379908249746
2018-11-23,0.08510114646030383
2018-11-24,0.018473915900131407
2018-11-25,0.10475597014925371
2018-11-26,0.20979880273660198
2018-11-27,0.26453999999999994
2018-11-28,0.0514092437902484
2018-11-29,-0.3950933064766037
2018-11-30,-0.28966477272727276
2018-12-01,0.02734885844748855
2018-12-02,0.3204854064375341
2018-12-03,0.7977327599102467
2018-12-04,0.6788009228761419
2018-12-05,0.4019241935483871
2018-12-06,0.24155789473684205
2018-12-07,0.002360399821308912
2018-12-08,0.39570098758465017
2018-12-09,-0.037607991507431
2018-12-10,0.5281178659605683
2018-12-11,-0.13746951061360999
2018-12-12,0.15800193905817175
2018-12-13,0.400368046875
2018-12-14,0.005987858805275408
2018-12-15,0.30603527054108215
2018-12-16,0.13716537753222838
2018-12-17,0.6062392813887768
2018-12-18,0.38052811900191935
2018-12-19,0.23503936207500878
2018-12-20,-0.016971574642126782
2018-12-21,-0.5318249732238486
2018-12-22,-0.07505547545485754
2018-12-23,-0.39393924969745886
2018-12-24,0.5619684200603318
2018-12-25,-0.8671541296625223
2018-12-26,0.116924220760652
2018-12-27,0.056484129793510356
2018-12-28,0.5142670505438259
2018-12-29,0.02821938461538461
2018-12-30,0.7923393264054087
2018-12-31,0.0033859416445623145
2019-01-01,0.4435096446700507
2019-01-02,0.856506599882145
2019-01-03,0.3648307366638442
2019-01-04,-0.4280066909975669
2019-01-05,0.04307375366568915
2019-01-06,0.08392697350816165
2019-01-07,0.43889803586678044
2019-01-08,0.7198978851963747
2019-01-09,0.09600802179506585
2019-01-10,-0.16059819542253523
2019-01-11,0.6845673849167482
2019-01-12,0.5679108374384236
2019-01-13,-0.3001292410714286
2019-01-14,0.5423309439676931
2019-01-15,0.6064536679536681
2019-01-16,0.3684959086584204
2019-01-17,0.1474186046511628
2019-01-18,0.04359458062495105
2019-01-19,-0.9303669389204547
2019-01-20,0.03252884012539185
2019-01-21,0.5278660746003553
2019-01-22,-0.01932283205268933
2019-01-23,0.09895829596412556
2019-01-24,-0.17468854166666667
2019-01-25,0.3163434285714286
2019-01-26,0.4816547838616715
2019-01-27,-0.19214456299870106
2019-01-28,0.00638148345075103
2019-01-29,0.17335248226950353
2019-01-30,0.6070861996497372
2019-01-31,0.5760267080745343
2019-02-01,0.009239420289855069
2019-02-02,0.05474209827357239
2019-02-03,0.3656072297640296
2019-02-04,0.25571599932705247
2019-02-05,0.02695557591862915
2019-02-06,0.2224137342908438
2019-02-07,0.2897141004862237
2019-02-08,-0.07134837917485265
2019-02-09,0.6274312473867596
2019-02-10,0.8200749865229111
2019-02-11,0.37833874246339366
2019-02-12,0.23075630081300813
2019-02-13,-0.23499708481804668
2019-02-14,0.07421079283887463
2019-02-15,0.3367386752136752
2019-02-16,-0.0696717277486911
2019-02-17,0.022919013666072484
2019-02-18,0.7411935281837159
2019-02-19,0.629631906614786
2019-02-20,-0.21662931379080616
2019-02-21,-0.3399188078108941
2019-02-22,0.298046164021164
2019-02-23,-0.42743086053412466
2019-02-24,-0.5113830303030301
2019-02-25,0.808351485532542
2019-02-26,0.2740781651376147
2019-02-27,0.25899018114780376
2019-02-28,0.8593101787487585
2019-03-01,0.20866351351351353
2019-03-02,0.16089923432533948
2019-03-03,-0.004372791327913263
2019-03-04,0.37737103117506
2019-03-05,0.6174907948647913
2019-03-06,0.16904320388349514
2019-03-07,0.5141116555308091
2019-03-08,0.7267593306465744
2019-03-09,0.4316972137931032
2019-03-10,0.06027377008774523
2019-03-11,0.7752137742000109
2019-03-12,0.0644383965512253
2019-03-13,0.021306570155902003
2019-03-14,0.14698336895009695
2019-03-15,0.09019105697095743
2019-03-16,0.1950176403207331
2019-03-17,0.04172176966292135
2019-03-18,0.07572836667354095
2019-03-19,0.04964556194125161
2019-03-20,0.4659626465467209
2019-03-21,0.4386379166666667
2019-03-22,0.20083629461756372
2019-03-23,0.40051175719393833
2019-03-24,0.8496021831350231
2019-03-25,0.7719903862697868
2019-03-26,0.31491179962555366
2019-03-27,-0.035895957651588054
2019-03-28,0.023015370357168316
2019-03-29,0.36233056802873825
2019-03-30,0.10964944920440635
2019-03-31,0.11572047844374343
2019-04-01,-0.1493237359676695
2019-04-02,0.4108847403799319
2019-04-03,0.094664059747763
2019-04-04,0.08271181115879828
2019-04-05,0.27753104496166864
2019-04-06,-0.07109136156975354
2019-04-07,0.23164766355140187
2019-04-08,0.21583052009307593
2019-04-09,-0.005126231777832088
2019-04-10,-0.013729976281700402
2019-04-11,0.42666506159014567
2019-04-12,0.1297632221238067
2019-04-13,0.014539696154021623
2019-04-14,0.41977450980392145
2019-04-15,0.7800641159887232
2019-04-16,-0.18509303278688527
2019-04-17,-0.37940842787682333
2019-04-18,0.12089153166421208
2019-04-19,0.41903943520642206
2019-04-20,0.6743963470319635
2019-04-21,-0.24651279916753388
2019-04-22,-0.3391711348057883
2019-04-23,0.8876727210652101
2019-04-24,-0.021091037939000065
2019-04-25,0.47861549053356284
2019-04-26,-0.3944386899646711
2019-04-27,0.3862871733966746
2019-04-28,0.044006085649887325
2019-04-29,-0.8969896837170662
2019-04-30,0.3648492083464402
2019-05-01,-0.8089138147865855
2019-05-02,0.8113489928909953
2019-05-03,-0.487098326693227
2019-05-04,0.0057955919395466
2019-05-05,-0.0767568841169937
2019-05-06,0.7633437422807737
2019-05-07,-0.45737922077922083
2019-05-08,0.220234649122807
2019-05-09,0.23642389455782312
2019-05-10,0.015687912087912082
2019-05-11,0.13878333333333334
2019-05-12,0.027987059557218585
2019-05-13,0.9630629507930715
2019-05-14,0.3182266561365458
2019-05-15,0.23075746268656713
2019-05-16,0.43405128655905384
2019-05-17,-0.09596091954022994
2019-05-18,-0.0017675367047308315
2019-05-19,0.5213498368678631
2019-05-20,0.9820778990316076
2019-05-21,0.04141887254901961
2019-05-22,0.5533535947712419
2019-05-23,-0.8544832307692309
2019-05-24,0.44527692307692307
2019-05-25,-0.05554671532846717
2019-05-26,0.5288023255813953
2019-05-27,0.7157439024390244
2019-05-28,0.9494013698630139
2019-05-29,0.02276024887659869
2019-05-30,-0.178468992248062
2019-05-31,0.1986272727272727
2019-06-01,-0.3607
2019-06-02,-0.013313157894736838
2019-06-03,0.6803634893484685
2019-06-04,0.16704271051130964
2019-06-05,0.9796877869822483
2019-06-06,0.4216184824902724
2019-06-07,0.061599999999999995
2019-06-08,0.30020751708428245
2019-06-09,-0.8753517520215633
2019-06-10,0.40129931079750575
2019-06-11,0.11741232891246688
2019-06-12,0.2967480535279806
2019-06-13,0.662894054307116
2019-06-14,0.24488584905660382
2019-06-15,0.03546456928838951
2019-06-16,0.0021706823266219237
2019-06-17,0.5034312311178248
2019-06-18,0.04366518673891511
2019-06-19,0.0234037721087485
2019-06-20,0.06320588235294117
2019-06-21,0.47647271382065703
2019-06-22,0.11150026559014131
2019-06-23,0.3359539177657099
2019-06-24,0.4828853074772886
2019-06-25,0.024454501478097284
2019-06-26,0.4418223968565816
2019-06-27,0.9100943037974684
2019-06-28,0.0848409090909091
2019-06-29,0.07927230769230768
2019-06-30,0.6924842648323302
2019-07-01,0.7214622361219704
2019-07-02,0.35644354838709674
2019-07-03,0.8016598360655738
2019-07-04,0.29619480151733724
2019-07-05,0.5278521472392639
2019-07-06,0.8399052631578949
2019-07-07,0.251164
2019-07-08,0.7476761555193039
2019-07-09,0.9258073056691993
2019-07-10,0.8199726470588236
2019-07-11,0.004573070325900514
2019-07-12,0.5576701067615659
2019-07-13,0.03665378201310304
2019-07-14,0.53900245398773
2019-07-15,0.9278165629860031
2019-07-16,0.15862407407407406
2019-07-17,0.6348218181818183
2019-07-18,0.8399658536585366
2019-07-19,0.06577857142857144
2019-07-20,0.4746109589041096
2019-07-21,0.8110968349076552
2019-07-22,0.019481500749040613
2019-07-23,-0.14228669950738915
2019-07-24,0.959500826446281
2019-07-25,-0.1430153846153846
2019-07-26,0.25456698113207554
2019-07-27,0.026982088167053365
2019-07-28,0.5996359813084112
2019-07-29,0.9600227681660901
2019-07-30,-0.014159433962264153
2019-07-31,0.13462285714285713
2019-08-01,0.4926491071428572
2019-08-02,0.3676323076923077
2019-08-03,0.002691587677725118
2019-08-04,0.659684155844156
2019-08-05,0.22985842696629213
2019-08-06,0.500674149659864
2019-08-07,-0.18004482758620682
2019-08-08,-0.7665638575935106
2019-08-09,0.8096307692307694
2019-08-10,0.5727305084745762
2019-08-11,0.14103239436619724
2019-08-12,-0.7512827802274308
2019-08-13,0.5177215189873419
2019-08-14,0.3807004854368933
2019-08-15,0.0074262171309554805
2019-08-16,-0.41710355781448527
2019-08-17,-0.6457803278688524
2019-08-18,0.9328338498212159
2019-08-19,0.9303859541984733
2019-08-20,0.9476931818181819
2019-08-21,0.7095152351552569
2019-08-22,0.7312404214559387
2019-08-23,0.3929491319444444
2019-08-24,0.11916642335766424
2019-08-25,-0.04179190794357828
2019-08-26,-0.9188200000000001
2019-08-27,0.6832617283950617
2019-08-28,0.2948965283018868
2019-08-29,-0.8314417910447761
2019-08-30,0.4163333333333334
2019-08-31,0.02225178110480124
2019-09-01,0.059111764705882364
2019-09-02,0.0174125
2019-09-03,0.34628484848484853
2019-09-04,0.671364705882353
2019-09-05,0.32320512820512826
2019-09-06,0.6946529411764706
2019-09-07,0.5655367647058823
2019-09-08,0.07343757062146893
2019-09-09,0.740350847457627
2019-09-10,-0.9282723436705642
2019-09-11,0.12613125
2019-09-12,0.5009560824742267
2019-09-13,0.04990608108108108
2019-09-14,0.49006739130434773
2019-09-15,0.6342741550695826
2019-09-16,0.35514999999999997
2019-09-17,-0.07201052631578947
2019-09-18,0.9043500000000001
2019-09-19,-0.0018935294117647054
2019-09-20,0.4738984375
2019-09-21,0.4040735537190082
2019-09-22,0.49305698924731184
2019-09-23,-0.07605483146067414
2019-09-24,0.8536827586206898
2019-09-25,0.4799739130434783
2019-09-26,0.33452000000000004
2019-09-27,-0.3338989247311827
2019-09-28,0.9870733926805144
2019-09-29,-0.010989553461696026
2019-09-30,-0.08367757660167131
2019-10-01,0.04968428143712574
2019-10-02,-0.42685736842105265
2019-10-03,0.02775875
2019-10-04,0.09165526315789474
2019-10-05,0.36788181818181814
2019-10-06,0.1538023121387283
2019-10-07,-0.8682631825371717
2019-10-08,0.0037968776732249794
2019-10-09,0.2502275
2019-10-10,0.7817714285714287
2019-10-11,0.04530721649484536
2019-10-12,0.18626991150442476
2019-10-13,0.8042580882352941
2019-10-14,-0.6406912904808636
2019-10-15,0.02705224719101124
2019-10-16,-0.07841208151382824
2019-10-17,0.723850684931507
2019-10-18,-0.9188413407821229
2019-10-19,-0.9358054054054055
2019-10-20,0.30404651162790697
2019-10-21,-0.2954494965553789
2019-10-22,0.4066759213759213
2019-10-23,0.2560084745762712
2019-10-24,0.05346666666666667
2019-10-25,0.3373176470588235
2019-10-26,0.01825899014778325
2019-10-27,0.4544809523809524
2019-10-28,-0.9236328989982677
2019-10-29,0.28313
2019-10-30,0.6989888324873097
2019-10-31,0.013269879518072288
2019-11-01,0.22738571428571427
2019-11-02,-0.4703675675675677
2019-11-03,-0.07835849260728453
2019-11-04,-0.4730997051017399
2019-11-05,0.5893866666666666
2019-11-06,-0.0021603636363636365
2019-11-07,0.2998192546583851
2019-11-08,-0.19976193068788609
2019-11-09,0.17772541436464084
2019-11-10,0.9326312839059676
2019-11-11,-0.7069329279700656
2019-11-12,0.23300245398773006
2019-11-13,0.7051192307692309
2019-11-14,-0.4253724590753732
2019-11-15,0.5195219178082191
2019-11-16,0.5963199164345404
2019-11-17,0.6750700197238658
2019-11-18,-0.8842728164867516
2019-11-19,0.5812854591836735
2019-11-20,0.02107378395451674
2019-11-21,0.5053407407407408
2019-11-22,0.2825651933701658
2019-11-23,0.10006607142857143
2019-11-24,-0.1002014705882353
2019-11-25,0.5801310880829017
2019-11-26,0.35705928338762216
2019-11-27,0.03117409812409812
2019-11-28,-0.11564081632653064
2019-11-29,0.6559973076923076
2019-11-30,0.5396142740381809
2019-12-01,0.8877152709359606
2019-12-02,-0.2833658433418753
2019-12-03,0.469646875
2019-12-04,0.847178431372549
2019-12-05,0.044935087719298245
2019-12-06,0.8424314285714286
2019-12-07,0.1192585352112676
2019-12-08,0.28176136363636367
2019-12-09,-0.5777643147896879
2019-12-10,0.5542935153583617
2019-12-11,0.16217837837837837
2019-12-12,0.37394312499999993
2019-12-13,0.16371724137931037
2019-12-14,-0.0004982142857142982
2019-12-15,0.2901804878048781
2019-12-16,-0.2786824915824917
2019-12-17,0.8540209621993128
2019-12-18,0.9833055464650453
2019-12-19,0.2251575757575757
2019-12-20,0.49901153846153845
2019-12-21,0.1912072727272727
2019-12-22,0.21382058823529415
2019-12-23,-0.8874054416403785
2019-12-24,0.16951314655172414
2019-12-25,-0.9594404938271606
2019-12-26,-0.46310000000000007
2019-12-27,0.7455741025641025
2019-12-28,0.8342550724637682
2019-12-29,0.9985482516535801
2019-12-30,-0.7920493103448276
2019-12-31,0.1107490661495004
2020-01-01,0.8297653846153846
2020-01-02,0.4464317757009347
2020-01-03,0.07325
2020-01-04,0.24274436339522548
2020-01-05,0.21007307692307692
2020-01-06,0.10693250265111347
2020-01-07,-0.24205166809238665
2020-01-08,0.6593695652173912
2020-01-09,0.87384
2020-01-10,-0.017828808864265928
2020-01-11,0.013982142857142844
2020-01-12,0.8108130769230769
2020-01-13,-0.07886519208381841
2020-01-14,0.8436804123711339
2020-01-15,0.4979333333333333
2020-01-16,-0.09157488584474886
2020-01-17,-0.3202483870967742
2020-01-18,0.660224
2020-01-19,0.8976736068895643
2020-01-20,0.0929216
2020-01-21,-0.625287163920208
2020-01-22,0.8456142857142859
2020-01-23,0.8695819819819819
2020-01-24,-0.5932363636363636
2020-01-25,-0.9386414634146342
2020-01-26,-0.5567003763704794
2020-01-27,-0.38077930463576165
2020-01-28,0.038194827586206896
2020-01-29,0.4377175438596491
2020-01-30,0.5996999999999998
2020-01-31,0.3380428571428572
2020-02-01,0.41166250000000004
2020-02-02,0.12679411764705883
2020-02-03,-0.506845818368394
2020-02-04,0.34121386138613863
2020-02-05,0.005714115308151093
2020-02-06,0.4519643431635387
2020-02-07,0.9933766151210496
2020-02-08,0.5353999999999999
2020-02-09,-0.07648503325942348
2020-02-10,0.9828810477081384
2020-02-11,0.6299714285714285
2020-02-12,0.43217999999999995
2020-02-13,0.4293935593220339
2020-02-14,0.7297567164179105
2020-02-15,0.8862556179775283
2020-02-16,0.7752267942583733
2020-02-17,-0.46261754935756816
2020-02-18,0.01425555555555554
2020-02-19,0.6853705882352942
2020-02-20,0.5921007299270072
2020-02-21,0.9895306742195155
2020-02-22,0.8397727272727273
2020-02-23,0.2084792079207921
2020-02-24,-0.9361731800766282
2020-02-25,-0.09734440366972477
2020-02-26,-0.004846666666666668
2020-02-27,-0.17729
2020-02-28,0.28060666666666667
2020-02-29,0.7963272727272728
2020-03-01,0.23182418181818185
2020-03-02,0.42477209302325575
2020-03-03,0.5721954954954955
2020-03-04,0.0033642857142857125
2020-03-05,-0.35209444444444443
2020-03-06,0.24849487179487179
2020-03-07,0.2311961538461538
2020-03-08,0.3043758620689655
2020-03-09,0.9731619112105512
2020-03-10,0.5079133333333333
2020-03-11,0.04779946949602123
2020-03-12,-0.5018039999999999
2020-03-13,0.3489809523809524
2020-03-14,0.008563849389144803
2020-03-15,0.4895720588235294
2020-03-16,-0.1273348634514817
2020-03-17,0.46339889923793404
2020-03-18,0.6381608046253915
2020-03-19,-0.20089200000000004
2020-03-20,0.53582
2020-03-21,0.465475
2020-03-22,-0.5749428571428571
2020-03-23,0.3303079365079365
2020-03-24,0.06290253583241455
2020-03-25,0.42951904761904763
2020-03-26,0.3430388732394366
2020-03-27,0.21486696035242286
2020-03-28,0.5639688888888889
2020-03-29,0.5443756476683937
2020-03-30,-0.7347864864864864
2020-03-31,-0.6414279792746114
2020-04-01,0.0505671469202184
2020-04-02,0.42118984375
2020-04-03,0.7671666666666667
2020-04-04,-0.3329571428571429
2020-04-05,-0.9941437744049437
2020-04-06,0.012140000000000007
2020-04-07,-0.668274358974359
2020-04-08,0.6856802816901408
2020-04-09,-0.17435128205128203
2020-04-10,-0.5926359999999999
2020-04-11,0.14164594594594596
2020-04-12,0.9076
2020-04-13,0.790504
2020-04-14,-0.18636275229357796
2020-04-15,0.16285000000000005
2020-04-16,-0.5944923809523809
2020-04-17,-0.47386279069767434
2020-04-18,0.32630526315789476
2020-04-19,0.1419189189189189
2020-04-20,0.036403448275862074
2020-04-21,-0.8638801418439717
2020-04-22,0.9282239234449761
2020-04-23,0.2448157894736843
2020-04-24,0.04468486486486484
2020-04-25,0.37701940298507464
2020-04-26,0.32466456692913387
2020-04-27,0.9860536625514403
2020-04-28,0.11035384615384616
2020-04-29,-0.20977272727272725
2020-04-30,0.055756250000000014
2020-05-01,0.28474736842105264
2020-05-02,0.8687947712418301
2020-05-03,0.6095085714285714
2020-05-04,0.6986803278688525
2020-05-05,-0.0018410774652952602
2020-05-06,0.9630645299145301
2020-05-07,0.9435717391304349
2020-05-08,0.43721718749999994
2020-05-09,0.1310489361702128
2020-05-10,-4.7268041237113376e-05
2020-05-11,-0.9593421087978509
2020-05-12,-0.6530803921568628
2020-05-13,0.8823166666666666
2020-05-14,0.4256514563106797
2020-05-15,0.12295806451612898
2020-05-16,-0.05802500000000001
2020-05-17,0.009216382978723403
2020-05-18,-0.7541181818181818
2020-05-19,0.2386890625
2020-05-20,-0.08061666666666666
2020-05-21,0.43048000000000003
2020-05-22,0.78816
2020-05-23,0.4105825
2020-05-24,0.7101191011235956
2020-05-25,-0.4916190476190475
2020-05-26,0.04965652173913043
2020-05-27,-0.6628624338624339
2020-05-28,0.08800384615384615
2020-05-29,-0.9268741379310343
2020-05-30,0.9347913211719182
2020-05-31,-0.6026535714285713
2020-06-01,0.19878676470588233
2020-06-02,0.013676123128119798
2020-06-03,-0.10716250000000001
2020-06-04,0.3876
2020-06-05,0.7849666666666667
2020-06-06,0.78688
2020-06-07,-0.7275349999999999
2020-06-08,0.55944
2020-06-09,0.011468648648648647
2020-06-10,-0.5363821256038647
2020-06-11,0.7970857142857142
2020-06-12,0.0499564705882353
2020-06-13,0.7517125
2020-06-14,0.0
2020-06-15,0.38268571428571424
2020-06-16,0.6040716666666666
2020-06-17,0.9779815068493151
2020-06-18,-0.29372307692307686
2020-06-19,0.08495416666666666
2020-06-20,0.829585625
2020-06-21,0.17979636363636364
2020-06-22,0.19434519230769226
2020-06-23,0.4921627860026918
2020-06-24,0.3480662100456621
2020-06-25,0.8067913043478263
2020-06-26,-0.574627830533236
2020-06-27,-0.74844
2020-06-28,0.45700219619326504
2020-06-29,0.19331479591836734
2020-06-30,0.009806537102473497
2020-07-01,0.9222309859154927
2020-07-02,0.7584249999999999
2020-07-03,-0.2996160068846816
2020-07-04,0.022952918287937746
2020-07-05,-0.35305714285714285
2020-07-06,0.38769
2020-07-07,-0.10012115127175365
2020-07-08,0.7163513513513514
2020-07-09,-0.041063829787234045
2020-07-10,0.8555325203252033
2020-07-11,0.31269452054794517
2020-07-12,0.9535839622641509
2020-07-13,0.896790566037736
2020-07-14,0.1601064516129032
2020-07-15,0.031175836431226768
2020-07-16,-0.08898235294117651
2020-07-17,0.31836666666666663
2020-07-18,-0.6072333333333334
2020-07-19,0.5940857142857142
2020-07-20,0.951648695652174
2020-07-21,0.9201681818181818
2020-07-22,0.11716363636363634
2020-07-23,0.3567
2020-07-24,0.128
2020-07-25,0.351647619047619
2020-07-26,0.028706969919295666
2020-07-27,-0.1509230769230769
2020-07-28,0.4420281818181818
2020-07-29,0.74269375
2020-07-30,-0.08090540540540542
2020-07-31,0.16443548387096774
2020-08-01,0.8295695652173913
2020-08-02,-0.011520036764705883
2020-08-03,0.8742217391304349
2020-08-04,0.6436308823529412
2020-08-05,-0.7395
2020-08-06,0.2882369318181818
2020-08-07,-0.02547305389221557
2020-08-08,0.09291777777777778
2020-08-09,0.5572800000000001
2020-08-10,0.17319342105263158
2020-08-11,0.88562
2020-08-12,-0.16060000000000002
2020-08-13,-0.8942157894736841
2020-08-14,0.9451097560975609
2020-08-15,0.7275875
2020-08-16,-0.5098243243243242
2020-08-17,-0.01783052208835342
2020-08-18,0.12425555555555556
2020-08-19,0.6059333333333333
2020-08-20,0.886
2020-08-21,-0.4588
2020-08-22,0.7352142857142857
2020-08-23,0.10075714285714285
2020-08-24,-0.39797000000000005
2020-08-25,0.34043999999999996
2020-08-26,0.4888625000000001
2020-08-27,-0.3303
2020-08-28,0.7126377049180328
2020-08-29,-0.7755465661641541
2020-08-30,0.6702538243152973
2020-08-31,0.5206696558915538
2020-09-01,0.8649266666666667
2020-09-02,0.009518867924528288
2020-09-03,0.0621571428571429
2020-09-04,0.297388
2020-09-05,0.3827
2020-09-06,0.6483675581623775
2020-09-07,0.9427388888888889
2020-09-08,0.8926451612903226
2020-09-09,0.3183182926829268
2020-09-10,0.7749777777777778
2020-09-11,0.9148550632911392
2020-09-12,0.49764647887323943
2020-09-13,0.7218466472303208
2020-09-14,0.5230333333333334
2020-09-15,0.16032499999999997
2020-09-16,0.7400777777777777
2020-09-17,-0.9816517568850902
2020-09-18,0.9527829268292682
2020-09-19,-0.6095705882352942
2020-09-20,0.24722941176470586
2020-09-21,0.8321965909090907
2020-09-22,0.9942171724137929
2020-09-23,-0.004157142857142865
2020-09-24,0.35775198135198133
2020-09-25,-0.15929745989304814
2020-09-26,0.601085
2020-09-27,0.07024999999999999
2020-09-28,0.03526666666666664
2020-09-29,0.41374244604316546
2020-09-30,-0.8291322580645162
2020-10-01,0.9990456861413044
2020-10-02,-0.7921719999999999
2020-10-03,0.18700833333333336
2020-10-04,0.8220857142857142
2020-10-05,0.8100028600612871
2020-10-06,0.9870490291262136
2020-10-08,-0.2021966512451096
2020-10-09,0.22054761904761908
2020-10-10,-0.010277192982456142
2020-10-11,0.8965
2020-10-12,0.9332333333333334
2020-10-13,0.11700351758793964
2020-10-14,0.6129205882352942
2020-10-15,0.880965029469548
2020-10-16,-0.05901538461538462
2020-10-17,0.5876872340425532
2020-10-18,0.8531
2020-10-19,-0.041228571428571406
2020-10-20,0.2969076923076922
2020-10-21,-0.5356285714285715
2020-10-22,0.0
2020-10-23,0.6555037974683545
2020-10-24,0.841806896551724
2020-10-25,0.6146798561151079
2020-10-26,0.9967999999999999
2020-10-27,-0.17860925925925925
2020-10-28,0.33999999999999997
2020-10-29,0.3214090163934426
2020-10-30,0.0
2020-10-31,0.6622370370370371
2020-11-01,0.12122463768115942
2020-11-02,0.6983666666666667
2020-11-03,0.6785763124199744
2020-11-04,0.2982
2020-11-05,0.48005
2020-11-06,-0.11067048458149781
2020-11-07,0.19624999999999998
2020-11-08,0.4819
2020-11-09,-0.8230833333333334
2020-11-10,0.0
2020-11-11,0.11416788008565312
2020-11-12,-0.2023
2020-11-13,0.69423604787086
2020-11-14,0.9014000000000001
2020-11-15,-0.039080392156862744
2020-11-16,0.07058045757864632
2020-11-17,0.49812500000000004
2020-11-18,0.8457131578947369
2020-11-19,0.8681777777777778
2020-11-20,0.9859000000000001
2020-11-21,-0.9995
2020-11-22,-0.5166099999999999
2020-11-23,0.06197307692307693
2020-11-24,0.9046453488372094
2020-11-25,0.1753875
2020-11-26,-0.6565826086956521
2020-11-27,-0.11434999999999998
2020-11-28,-0.4524408016147636
2020-11-29,0.5322
2020-11-30,0.808341584158416
2020-12-01,0.07600233463035021
2020-12-02,0.09955137614678898
2020-12-03,0.05912499999999999
2020-12-04,-0.510180506924484
2020-12-05,0.9889000249542503
2020-12-06,-0.0223708333333333
2020-12-07,0.08231666666666666
2020-12-08,0.7710559139784947
2020-12-09,0.045904545454545455
2020-12-10,0.17564805687203794
2020-12-11,0.7545789123630672
2020-12-12,0.9812874999999999
2020-12-13,0.6886857142857143
2020-12-14,0.47605714285714285
2020-12-15,0.9814918644067795
2020-12-16,0.6286875000000001
2020-12-17,0.9844000000000002
2020-12-18,0.9567170542635659
2020-12-19,0.19251333333333331
2020-12-20,0.991316091954023
2020-12-21,0.9859035175879396
2020-12-22,0.0004827889047846129
2020-12-23,-0.7765799999999999
2020-12-24,0.9976236916548799
2020-12-25,0.08268160377358491
2020-12-26,0.06328431372549019
2020-12-28,0.6551422680412372
2020-12-29,0.7344
2020-12-30,0.37645
