date,avg_compound,post_count
2015-01-01,0.03253703703703704,27
2015-01-02,0.1529159420289855,69
2015-01-03,0.062525,44
2015-01-04,0.09096470588235295,34
2015-01-05,0.21708125,32
2015-01-06,0.028724999999999997,64
2015-01-07,0.1757912408759124,137
2015-01-08,0.1351767441860465,43
2015-01-09,0.2174470588235294,51
2015-01-10,0.24535555555555558,36
2015-01-11,0.2451315789473684,19
2015-01-12,0.26732941176470587,34
2015-01-13,0.1294964705882353,85
2015-01-14,-0.0592608695652174,46
2015-01-15,-0.14999428571428572,35
2015-01-16,0.10165312499999998,32
2015-01-17,0.2618777777777778,27
2015-01-18,0.11690416666666666,24
2015-01-19,0.09482105263157894,38
2015-01-20,0.1760027027027027,37
2015-01-21,0.027596666666666665,30
2015-01-22,0.03028518518518518,27
2015-01-23,0.3318892857142857,28
2015-01-24,0.014449999999999998,26
2015-01-25,0.17147,20
2015-01-26,-0.01776578947368422,38
2015-01-27,0.021952000000000003,25
2015-01-28,-0.05405555555555557,27
2015-01-29,0.027336111111111103,36
2015-01-30,0.012469999999999995,40
2015-01-31,0.1047,27
2015-02-01,0.24529642857142858,28
2015-02-02,0.10005517241379311,29
2015-02-03,0.21829756097560976,41
2015-02-04,0.25813870967741936,31
2015-02-05,0.12267407407407406,27
2015-02-06,0.1706638888888889,36
2015-02-07,0.24536296296296295,27
2015-02-08,0.254495,20
2015-02-09,0.28597222222222224,18
2015-02-10,-0.0131528735632184,87
2015-02-11,0.23463333333333333,30
2015-02-12,0.06493714285714286,35
2015-02-13,0.07559655172413793,29
2015-02-14,0.2998,22
2015-02-15,0.10676923076923076,26
2015-02-16,0.22280645161290322,31
2015-02-17,0.12143030303030303,33
2015-02-18,-0.00352692307692306,26
2015-02-19,0.12915714285714286,21
2015-02-20,0.013989655172413795,29
2015-02-21,0.17294482758620688,29
2015-02-22,-0.07441250000000002,16
2015-02-23,0.24700869565217393,23
2015-02-24,0.08790833333333332,48
2015-02-25,0.19525882352941176,34
2015-02-26,0.12052647058823529,34
2015-02-27,0.08596206896551727,29
2015-02-28,0.09418333333333334,24
2015-03-01,0.36197500000000005,28
2015-03-02,0.10277142857142857,42
2015-03-03,0.2061391304347826,46
2015-03-04,0.11187934782608695,92
2015-03-05,0.09308970588235294,68
2015-03-06,0.12400277777777778,36
2015-03-07,-0.062317500000000005,40
2015-03-08,0.24074545454545457,33
2015-03-09,0.2005487804878049,41
2015-03-10,0.11954426229508197,61
2015-03-11,0.1417763157894737,38
2015-03-12,-0.11808541666666666,96
2015-03-13,0.03846326530612245,49
2015-03-14,0.0815125,32
2015-03-15,0.15866363636363637,33
2015-03-16,0.1465921568627451,51
2015-03-17,0.22200512820512822,39
2015-03-18,0.16696129032258067,31
2015-03-19,0.13032916666666666,48
2015-03-20,0.051363265306122445,49
2015-03-21,0.039731578947368416,19
2015-03-22,0.07871999999999998,30
2015-03-23,-0.10630833333333335,60
2015-03-24,0.18411999999999998,50
2015-03-25,0.1575325581395349,43
2015-03-26,0.133103125,32
2015-03-27,0.2774235294117647,34
2015-03-28,0.0712590909090909,22
2015-03-29,0.29923333333333335,15
2015-03-30,0.30265,40
2015-03-31,0.025327272727272723,44
2015-04-01,-0.05512361111111111,72
2015-04-02,0.23020000000000002,40
2015-04-03,0.3346272727272727,33
2015-04-04,0.10001052631578947,19
2015-04-05,0.15608,25
2015-04-06,0.14553518518518518,54
2015-04-07,0.04257662337662338,77
2015-04-08,0.2040269841269841,63
2015-04-09,0.19844307692307692,65
2015-04-10,0.10963469387755101,49
2015-04-11,-0.01658918918918919,37
2015-04-12,0.3142344827586207,29
2015-04-13,0.14131240310077517,129
2015-04-14,0.10290222222222221,90
2015-04-15,0.09559642857142858,84
2015-04-16,-0.3849279220779221,308
2015-04-17,-0.20888034682080925,173
2015-04-18,-0.08818666666666666,90
2015-04-19,-0.1431251968503937,127
2015-04-20,-0.05409565217391304,138
2015-04-21,-0.03517573529411765,136
2015-04-22,0.0912242718446602,103
2015-04-23,0.030458715596330274,109
2015-04-24,0.04712588235294118,85
2015-04-25,0.1067920634920635,63
2015-04-26,0.04414109589041096,73
2015-04-27,0.017378021978021976,91
2015-04-28,0.024916867469879516,83
2015-04-29,0.17211538461538461,78
2015-04-30,0.113422,100
2015-05-01,0.05058529411764707,102
2015-05-02,0.19879896907216496,97
2015-05-03,0.006010588235294119,85
2015-05-04,-0.04012035928143713,167
2015-05-05,-0.03768771929824562,114
2015-05-06,0.0011878378378378405,74
2015-05-07,-0.08420000000000001,113
2015-05-08,-0.004500000000000003,71
2015-05-09,0.07806949152542374,59
2015-05-10,0.032101960784313724,51
2015-05-11,0.17280535714285714,56
2015-05-12,-0.04598181818181818,55
2015-05-13,0.11991612903225807,62
2015-05-14,0.0038399999999999953,60
2015-05-15,-0.1947740740740741,81
2015-05-16,-0.014659649122807036,57
2015-05-17,0.06244186046511628,43
2015-05-18,0.17366964285714287,56
2015-05-19,-0.023038888888888893,54
2015-05-20,0.18401052631578949,57
2015-05-21,0.12725744680851064,47
2015-05-22,0.19916,35
2015-05-23,0.23468,40
2015-05-24,-0.10092857142857144,28
2015-05-25,0.19998857142857143,35
2015-05-26,0.13750983606557377,61
2015-05-27,0.1872764705882353,51
2015-05-28,-0.024705769230769233,52
2015-05-29,0.08014146341463414,41
2015-05-30,0.10292571428571429,35
2015-05-31,0.13051379310344827,29
2015-06-01,0.25207560975609755,41
2015-06-02,0.12117066666666666,75
2015-06-03,0.034515625,64
2015-06-04,0.07779189189189188,37
2015-06-05,0.15262058823529412,34
2015-06-06,-0.1044,21
2015-06-07,-0.030206250000000004,32
2015-06-08,0.053956097560975615,41
2015-06-09,0.15606666666666666,39
2015-06-10,0.0657625,48
2015-06-11,0.01283855421686747,83
2015-06-12,0.27824150943396225,53
2015-06-13,0.26333666666666666,30
2015-06-14,0.003129411764705877,34
2015-06-15,0.09411200000000002,50
2015-06-16,0.2485417910447761,67
2015-06-17,0.09921136363636363,44
2015-06-18,0.209454,50
2015-06-19,0.2103809523809524,84
2015-06-20,0.06254347826086956,46
2015-06-21,0.24949230769230768,52
2015-06-22,0.31350693069306934,101
2015-06-23,0.08453064516129032,62
2015-06-24,0.10864848484848484,66
2015-06-25,0.06300493827160493,81
2015-06-26,0.23031,60
2015-06-27,0.15608695652173912,46
2015-06-28,0.1414108108108108,37
2015-06-29,0.18202000000000002,75
2015-06-30,0.27202615384615386,65
2015-07-01,0.1276280701754386,57
2015-07-02,0.17178275862068965,58
2015-07-03,0.0397,29
2015-07-04,0.28817878787878787,33
2015-07-05,0.2672,52
2015-07-06,0.15895142857142858,70
2015-07-07,-0.013435000000000006,80
2015-07-08,0.07527281553398057,103
2015-07-09,0.2600080459770115,87
2015-07-10,0.12981206896551725,58
2015-07-11,-0.059821904761904764,105
2015-07-12,0.13668837209302326,43
2015-07-13,0.08316724137931034,58
2015-07-14,0.16285694444444443,72
2015-07-15,0.2801458823529412,85
2015-07-16,0.258970652173913,92
2015-07-17,0.17582275862068966,145
2015-07-18,0.15920882352941176,102
2015-07-19,0.1959778846153846,104
2015-07-20,0.13931932773109243,119
2015-07-21,0.18862440944881892,127
2015-07-22,0.18355108695652175,92
2015-07-23,0.20872142857142856,84
2015-07-24,0.23962134831460674,89
2015-07-25,0.31392363636363635,55
2015-07-26,0.196216,50
2015-07-27,0.1536875,64
2015-07-28,0.22101694915254236,59
2015-07-29,0.27370483870967743,62
2015-07-30,0.3084585365853658,41
2015-07-31,0.17320238095238094,42
2015-08-01,0.2593892857142857,28
2015-08-02,0.17688571428571429,28
2015-08-03,0.08617924528301886,53
2015-08-04,0.15984905660377358,53
2015-08-05,0.022193999999999995,50
2015-08-06,0.2374121212121212,66
2015-08-07,0.343630612244898,49
2015-08-08,-0.053515151515151516,33
2015-08-09,0.14174545454545454,33
2015-08-10,-0.06840512820512822,78
2015-08-11,0.037852,50
2015-08-12,-0.09246914893617021,94
2015-08-13,0.02786627906976744,86
2015-08-14,-0.05295727272727273,110
2015-08-15,-0.22835699481865285,193
2015-08-16,-0.07937894736842106,95
2015-08-17,-0.0014397058823529378,68
2015-08-18,0.01502307692307692,52
2015-08-19,0.2366966101694915,59
2015-08-20,0.127984375,64
2015-08-21,0.0992140350877193,57
2015-08-22,0.1364764705882353,34
2015-08-23,0.022261363636363638,44
2015-08-24,0.1506333333333333,51
2015-08-25,0.130165,40
2015-08-26,-0.09390344827586207,58
2015-08-27,-0.3029495145631068,103
2015-08-28,-0.004448888888888886,45
2015-08-29,-0.21352272727272725,44
2015-08-30,-0.09465128205128205,39
2015-08-31,0.033084615384615386,52
2015-09-01,0.06559183673469388,49
2015-09-02,0.14531666666666668,42
2015-09-03,-0.06726037735849057,53
2015-09-04,0.023420289855072454,69
2015-09-05,0.10706944444444444,36
2015-09-06,0.09071612903225808,31
2015-09-07,-0.05398775510204082,49
2015-09-08,0.014574193548387092,62
2015-09-09,0.06188412698412698,63
2015-09-10,0.08542682926829268,41
2015-09-11,0.1091972972972973,37
2015-09-12,-0.008145161290322585,31
2015-09-13,-0.02280227272727273,44
2015-09-14,0.022993220338983048,59
2015-09-15,0.020007246376811595,69
2015-09-16,0.16680930232558142,43
2015-09-17,0.08495405405405405,37
2015-09-18,0.18475161290322578,31
2015-09-19,0.03558717948717949,39
2015-09-20,0.26809666666666665,30
2015-09-21,0.28518125,48
2015-09-22,0.18034782608695651,46
2015-09-23,0.12234444444444444,45
2015-09-24,-0.10949736842105262,38
2015-09-25,-0.061409090909090906,33
2015-09-26,0.11817000000000001,30
2015-09-27,-0.14026470588235296,17
2015-09-28,0.12027,30
2015-09-29,0.2919025,40
2015-09-30,0.09988333333333334,30
2015-10-01,0.2732609756097561,41
2015-10-02,0.11225609756097561,41
2015-10-03,0.3122592592592593,27
2015-10-04,0.11069459459459459,37
2015-10-05,0.01771363636363636,44
2015-10-06,0.08256666666666668,42
2015-10-07,0.1761208333333333,48
2015-10-08,0.15593513513513513,111
2015-10-09,0.13136346153846154,52
2015-10-10,0.12394594594594595,37
2015-10-11,0.407096,25
2015-10-12,0.11491395348837209,43
2015-10-13,0.31953,50
2015-10-14,-0.01207118644067797,59
2015-10-15,0.06331746031746031,63
2015-10-16,0.0463289156626506,83
2015-10-17,0.09865277777777777,36
2015-10-18,-0.2943069230769231,130
2015-10-19,-0.13211654135338347,133
2015-10-20,-0.29991734892787525,513
2015-10-21,-0.03686315789473685,171
2015-10-22,-0.14305182481751824,137
2015-10-23,-0.0673452380952381,126
2015-10-24,-0.07839583333333335,72
2015-10-25,-0.1619109589041096,73
2015-10-26,-0.0726979381443299,97
2015-10-27,0.029345901639344266,61
2015-10-28,-0.04545820895522388,67
2015-10-29,-0.13881354166666668,96
2015-10-30,-0.01665555555555556,72
2015-10-31,-0.035645652173913044,46
2015-11-01,0.053079166666666656,48
2015-11-02,0.020715873015873014,63
2015-11-03,-0.07200786516853933,89
2015-11-04,-0.07412575757575757,132
2015-11-05,0.010772727272727272,110
2015-11-06,-0.15040144927536234,138
2015-11-07,0.03956825396825396,63
2015-11-08,-0.06948659793814434,97
2015-11-09,-0.07954786324786325,117
2015-11-10,-0.07288869565217392,115
2015-11-11,-0.08185673076923076,104
2015-11-12,-0.0294,104
2015-11-13,-0.10230373134328359,134
2015-11-14,0.028678181818181825,55
2015-11-15,-0.14944411764705884,68
2015-11-16,-0.13210375000000002,80
2015-11-17,0.0659076923076923,65
2015-11-18,-0.014705797101449281,69
2015-11-19,-0.018563636363636362,77
2015-11-20,0.07641052631578947,76
2015-11-21,-0.1236,54
2015-11-22,-0.07367882352941177,85
2015-11-23,-0.09132478632478633,117
2015-11-24,-0.10891545454545455,110
2015-11-25,-0.3151434210526316,228
2015-11-26,-0.12267704918032787,122
2015-11-27,-0.1920883495145631,103
2015-11-28,-0.032521176470588234,85
2015-11-29,-0.0006922222222222318,90
2015-11-30,0.009446017699115048,113
2015-12-01,-0.16499999999999998,118
2015-12-02,-0.19305533980582523,103
2015-12-03,0.012860909090909088,110
2015-12-04,0.01684946236559139,93
2015-12-05,-0.08672666666666667,90
2015-12-06,0.06217073170731707,82
2015-12-07,-0.091121768707483,147
2015-12-08,-0.14850397350993377,151
2015-12-09,-0.05801818181818182,132
2015-12-10,-0.08369430379746837,158
2015-12-11,-0.04594444444444445,153
2015-12-12,-0.020900847457627117,118
2015-12-13,-0.03247931034482759,116
2015-12-14,-0.017779190751445094,173
2015-12-15,-0.1355544061302682,261
2015-12-16,-0.17015783475783475,351
2015-12-17,-0.08842836676217765,349
2015-12-18,-0.10535550458715597,436
2015-12-19,-0.052621925133689844,187
2015-12-20,-0.1273364705882353,170
2015-12-21,-0.09587425149700599,167
2015-12-22,0.0923936170212766,94
2015-12-23,0.1402573170731707,82
2015-12-24,0.15704285714285715,63
2015-12-25,-0.05419687499999999,32
2015-12-26,0.17381764705882355,34
2015-12-27,0.06714489795918367,49
2015-12-28,0.008703260869565212,92
2015-12-29,-0.029642372881355933,59
2015-12-30,0.042631249999999996,80
2015-12-31,0.10152857142857143,70
2016-01-01,0.1745265306122449,49
2016-01-02,0.1405282608695652,46
2016-01-03,-0.024879069767441864,43
2016-01-04,0.16405172413793104,58
2016-01-05,0.03867126436781609,87
2016-01-06,0.06650882352941176,68
2016-01-07,-0.09907500000000001,60
2016-01-08,-0.01567903225806452,62
2016-01-09,0.27199999999999996,47
2016-01-10,0.11974313725490195,51
2016-01-11,0.07626470588235293,68
2016-01-12,-0.005131481481481492,54
2016-01-13,0.12798478260869564,46
2016-01-14,0.02134242424242424,33
2016-01-15,0.03030731707317073,41
2016-01-16,-0.08928095238095238,42
2016-01-17,0.41706400000000005,25
2016-01-18,0.3196974358974359,39
2016-01-19,0.04810952380952381,42
2016-01-20,0.14370833333333333,48
2016-01-21,0.1975843137254902,51
2016-01-22,0.2640659090909091,44
2016-01-23,-0.041313636363636365,22
2016-01-24,0.14677647058823529,34
2016-01-25,0.17403529411764707,51
2016-01-26,0.06813142857142857,35
2016-01-27,0.054248936170212765,47
2016-01-28,-0.11976666666666667,54
2016-01-29,0.117855,40
2016-01-30,0.05256341463414634,41
2016-01-31,0.1044,30
2016-02-01,0.04867647058823529,51
2016-02-02,0.15179827586206895,58
2016-02-03,0.13920689655172414,58
2016-02-04,0.26718333333333333,36
2016-02-05,0.11034,40
2016-02-06,0.1130235294117647,34
2016-02-07,0.15743725490196078,51
2016-02-08,-0.08367849462365591,93
2016-02-09,-0.013016176470588234,68
2016-02-10,0.13331147540983607,61
2016-02-11,0.10616222222222223,45
2016-02-12,0.04774255319148936,47
2016-02-13,0.1000648148148148,54
2016-02-14,0.2804142857142857,28
2016-02-15,0.10076571428571428,35
2016-02-16,0.11226000000000001,45
2016-02-17,0.057802816901408455,71
2016-02-18,0.1700423076923077,52
2016-02-19,-0.10965625000000001,48
2016-02-20,0.1386375,32
2016-02-21,0.04485238095238094,42
2016-02-22,0.08491641791044777,67
2016-02-23,0.06983333333333334,60
2016-02-24,0.3343611111111111,36
2016-02-25,0.11296274509803922,51
2016-02-26,0.048936363636363625,33
2016-02-27,0.14440714285714287,28
2016-02-28,0.022186666666666664,30
2016-02-29,0.3254951219512195,41
2016-03-01,0.0979309090909091,55
2016-03-02,-0.057913333333333344,75
2016-03-03,0.017574242424242423,66
2016-03-04,0.029667241379310347,58
2016-03-05,-0.006883636363636369,55
2016-03-06,0.011593750000000005,48
2016-03-07,-0.10998205128205128,78
2016-03-08,-0.14459047619047619,63
2016-03-09,-0.1266658536585366,82
2016-03-10,-0.31755193370165746,181
2016-03-11,-0.2852724770642202,109
2016-03-12,-0.022709090909090915,55
2016-03-13,-0.003237704918032787,61
2016-03-14,-0.038163333333333334,60
2016-03-15,0.054326415094339615,53
2016-03-16,0.10010192307692306,52
2016-03-17,-0.081953125,32
2016-03-18,-0.0621,54
2016-03-19,-0.01587560975609756,41
2016-03-20,0.29361627906976745,43
2016-03-21,0.2777194444444444,36
2016-03-22,0.04980465116279069,43
2016-03-23,0.2065857142857143,49
2016-03-24,-0.11507380952380955,42
2016-03-25,-0.062173684210526325,38
2016-03-26,-0.09298235294117647,34
2016-03-27,0.071108,25
2016-03-28,0.14718076923076923,52
2016-03-29,0.01106444444444443,45
2016-03-30,-0.16717500000000002,56
2016-03-31,0.026877777777777768,45
2016-04-01,-0.09425853658536586,82
2016-04-02,-0.03732500000000001,52
2016-04-03,0.025541666666666667,60
2016-04-04,-0.0407068493150685,73
2016-04-05,-0.07660491803278689,61
2016-04-06,-0.23283829787234042,141
2016-04-07,-0.18757139784946236,465
2016-04-08,-0.1123059829059829,234
2016-04-09,-0.12060132450331128,151
2016-04-10,0.021631249999999994,96
2016-04-11,-0.18264736842105264,152
2016-04-12,-0.21703467741935487,124
2016-04-13,-0.13205728813559323,295
2016-04-14,-0.13304625,160
2016-04-15,-0.05194782608695653,115
2016-04-16,-0.03801566265060242,83
2016-04-17,-0.0948722891566265,83
2016-04-18,-0.027170000000000007,110
2016-04-19,-0.048097260273972604,73
2016-04-20,-0.0031524390243902506,82
2016-04-21,-0.08172025316455697,79
2016-04-22,0.004051282051282046,78
2016-04-23,0.018369411764705877,85
2016-04-24,0.10586142857142858,70
2016-04-25,-0.015078160919540236,87
2016-04-26,-0.1508106796116505,103
2016-04-27,-0.2024595238095238,126
2016-04-28,-0.04206990291262137,103
2016-04-29,-0.07155714285714286,126
2016-04-30,-0.024951724137931047,87
2016-05-01,-0.11926718750000001,128
2016-05-02,-0.22262424242424245,99
2016-05-03,-0.21330725806451614,124
2016-05-04,-0.15310720720720722,111
2016-05-05,-0.24198783783783784,148
2016-05-06,-0.18446877637130804,237
2016-05-07,-0.18553902439024392,123
2016-05-08,-0.12017872340425531,141
2016-05-09,-0.1220771739130435,184
2016-05-10,-0.10901756756756759,148
2016-05-11,-0.12499633027522937,109
2016-05-12,-0.061081308411214966,107
2016-05-13,-0.037377685950413235,121
2016-05-14,0.017502247191011226,89
2016-05-15,-0.02375250000000001,120
2016-05-16,0.04267978723404254,94
2016-05-17,-0.10387735849056605,106
2016-05-18,0.06825384615384615,65
2016-05-19,-0.031698550724637675,69
2016-05-20,0.02035384615384615,104
2016-05-21,0.09133088235294118,68
2016-05-22,0.127662,50
2016-05-23,0.07856463414634146,82
2016-05-24,0.04724805194805194,77
2016-05-25,0.015479166666666655,72
2016-05-26,0.11907027027027026,74
2016-05-27,0.13038166666666667,60
2016-05-28,0.04264166666666666,60
2016-05-29,-0.06824583333333334,48
2016-05-30,0.07987692307692308,65
2016-05-31,-0.01161547619047619,84
2016-06-01,0.014079069767441861,86
2016-06-02,0.20166633663366337,101
2016-06-03,-0.09002207792207792,77
2016-06-04,0.05725,48
2016-06-05,0.004885964912280701,57
2016-06-06,0.17994578313253012,83
2016-06-07,0.26486315789473686,57
2016-06-08,0.04819420289855072,69
2016-06-09,0.058502409638554215,83
2016-06-10,0.04826301369863014,73
2016-06-11,0.1891642857142857,42
2016-06-12,0.013623255813953494,43
2016-06-13,0.12301940298507463,67
2016-06-14,0.058211267605633804,71
2016-06-15,0.19581551724137933,58
2016-06-16,0.14697833333333332,60
2016-06-17,0.11957912087912088,91
2016-06-18,0.02158225806451613,62
2016-06-19,0.06826338028169014,71
2016-06-20,0.060931818181818184,88
2016-06-21,0.14209868421052632,76
2016-06-22,0.062210891089108905,101
2016-06-23,0.05105227272727273,132
2016-06-24,-0.042776119402985084,67
2016-06-25,0.16600612244897958,49
2016-06-26,0.08631698113207546,53
2016-06-27,0.06560689655172414,58
2016-06-28,0.02207966101694915,59
2016-06-29,0.1861328125,64
2016-06-30,0.04371641791044776,67
2016-07-01,0.13177708333333335,48
2016-07-02,0.11530882352941176,34
2016-07-03,0.11169459459459459,37
2016-07-04,0.1517264150943396,53
2016-07-05,-0.0381056603773585,53
2016-07-06,0.14711132075471697,53
2016-07-07,0.018487755102040815,49
2016-07-08,0.1052560975609756,41
2016-07-09,0.026879487179487176,39
2016-07-10,0.150978125,32
2016-07-11,0.0465074074074074,54
2016-07-12,0.13057073170731706,41
2016-07-13,0.25567142857142855,35
2016-07-14,0.24703255813953487,43
2016-07-15,-0.1277014705882353,204
2016-07-16,-0.049883168316831684,101
2016-07-17,-0.09379818181818182,55
2016-07-18,-0.04451492537313433,67
2016-07-19,0.15530681818181818,44
2016-07-20,0.08105789473684209,57
2016-07-21,0.2687326086956522,46
2016-07-22,-0.007697499999999994,40
2016-07-23,0.13066756756756756,37
2016-07-24,0.10584176706827308,249
2016-07-25,0.09161979166666667,96
2016-07-26,0.12647272727272726,55
2016-07-27,0.20675217391304349,69
2016-07-28,0.019038571428571422,70
2016-07-29,0.12211132075471698,53
2016-07-30,0.051515686274509795,51
2016-07-31,0.09417179487179486,39
2016-08-01,0.1480388888888889,36
2016-08-02,0.14124262295081969,61
2016-08-03,0.12838333333333332,48
2016-08-04,0.16076904761904762,42
2016-08-05,0.04837073170731707,41
2016-08-06,0.15484615384615383,39
2016-08-07,0.10585081967213116,61
2016-08-08,-0.02078225806451613,62
2016-08-09,0.05772794117647058,68
2016-08-10,-0.02888181818181818,66
2016-08-11,-0.01576301369863014,73
2016-08-12,-0.15403366666666668,300
2016-08-13,-0.05193181818181818,88
2016-08-14,-0.12278125000000001,64
2016-08-15,-0.015833333333333335,63
2016-08-16,0.04024067796610169,59
2016-08-17,0.09053770491803277,61
2016-08-18,-0.019406249999999993,80
2016-08-19,0.06322658227848102,79
2016-08-20,0.08758524590163934,61
2016-08-21,0.09335333333333333,45
2016-08-22,0.030914285714285714,98
2016-08-23,0.02494716981132075,53
2016-08-24,0.02888484848484848,66
2016-08-25,0.006812987012987008,77
2016-08-26,-0.01457333333333334,60
2016-08-27,0.09200625,48
2016-08-28,0.035332653061224475,49
2016-08-29,0.05720555555555556,54
2016-08-30,-0.09419807692307693,52
2016-08-31,0.06750925925925925,54
2016-09-01,-0.00985409836065574,61
2016-09-02,0.094896,50
2016-09-03,0.06428518518518518,54
2016-09-04,0.20909574468085107,47
2016-09-05,0.19793333333333332,60
2016-09-06,0.11310754716981132,53
2016-09-07,0.0302530612244898,49
2016-09-08,0.12912753623188405,69
2016-09-09,0.16450188679245284,53
2016-09-10,0.05672777777777777,54
2016-09-11,0.08064893617021276,47
2016-09-12,0.22641666666666665,42
2016-09-13,0.106944,50
2016-09-14,0.008699999999999996,37
2016-09-15,-0.004341818181818184,55
2016-09-16,-0.051105333333333336,75
2016-09-17,0.03648775510204081,49
2016-09-18,0.08691395348837208,43
2016-09-19,0.08051372549019607,51
2016-09-20,0.0022977272727272725,44
2016-09-21,0.012167241379310337,58
2016-09-22,0.02225882352941176,51
2016-09-23,-0.03181587301587301,63
2016-09-24,0.07942884615384616,52
2016-09-25,0.14072916666666666,48
2016-09-26,0.031175409836065572,61
2016-09-27,-0.10294408602150538,93
2016-09-28,-0.07976250000000001,72
2016-09-29,0.014082352941176466,68
2016-09-30,-0.0014672727272727285,55
2016-10-01,0.0726,42
2016-10-02,-0.0540891891891892,37
2016-10-03,0.05256551724137932,58
2016-10-04,0.118085,60
2016-10-05,-0.08103548387096775,62
2016-10-06,0.09916470588235293,51
2016-10-07,-0.0199953125,64
2016-10-08,0.0015799999999999987,45
2016-10-09,0.14123,40
2016-10-10,0.009763157894736843,57
2016-10-11,0.131,60
2016-10-12,0.005668316831683164,101
2016-10-13,-0.1270639423076923,208
2016-10-14,-0.054533884297520666,121
2016-10-15,-0.013637179487179485,78
2016-10-16,0.055042857142857136,77
2016-10-17,0.042870707070707066,99
2016-10-18,0.06251346153846155,104
2016-10-19,0.027449748743718593,199
2016-10-20,0.007072535211267604,142
2016-10-21,0.013778813559322027,118
2016-10-22,0.044018918918918924,74
2016-10-23,0.02981230769230769,65
2016-10-24,-0.12633157894736843,76
2016-10-25,-0.02993444444444445,90
2016-10-26,-0.005695041322314053,121
2016-10-27,0.06934747474747475,99
2016-10-28,0.0451031746031746,63
2016-10-29,0.11610000000000001,82
2016-10-30,0.029437313432835815,67
2016-10-31,0.10655138888888888,72
2016-11-01,0.09436210526315789,95
2016-11-02,0.06573999999999999,100
2016-11-03,0.05833333333333333,96
2016-11-04,0.02569604519774011,177
2016-11-05,0.023062411347517728,141
2016-11-06,0.0710205128205128,156
2016-11-07,-0.0010387096774193535,186
2016-11-08,-0.07943781512605042,119
2016-11-09,-0.00909428571428571,70
2016-11-10,-0.06174117647058823,85
2016-11-11,0.02711407407407407,135
2016-11-12,0.03576447368421052,76
2016-11-13,-0.029382456140350885,57
2016-11-14,0.08168021978021978,91
2016-11-15,0.1974935483870968,93
2016-11-16,-0.018798947368421054,95
2016-11-17,-0.014282978723404255,94
2016-11-18,0.08115631067961165,103
2016-11-19,0.07399615384615384,78
2016-11-20,0.03443623188405796,69
2016-11-21,0.06696946564885496,131
2016-11-22,0.0048509090909090915,110
2016-11-23,0.09066907216494846,97
2016-11-24,0.030117204301075267,93
2016-11-25,-0.026445045045045044,111
2016-11-26,0.10000253164556962,79
2016-11-27,-0.04441573033707865,89
2016-11-28,0.045248936170212764,141
2016-11-29,0.07135288461538461,104
2016-11-30,0.03763781512605042,119
2016-12-01,0.05046902654867256,113
2016-12-02,0.024144915254237287,118
2016-12-03,0.05320805369127517,149
2016-12-04,0.0736991935483871,124
2016-12-05,0.06871209677419356,124
2016-12-06,-0.013054310344827586,116
2016-12-07,-0.022210897435897436,156
2016-12-08,0.00021811594202898483,138
2016-12-09,0.030029292929292926,297
2016-12-10,-0.018408333333333336,144
2016-12-11,0.09792372881355932,177
2016-12-12,0.13270567375886524,141
2016-12-13,-0.06255,168
2016-12-14,0.02944254143646409,181
2016-12-15,0.14650573770491804,122
2016-12-16,0.01190506329113924,158
2016-12-17,-0.002837272727272731,110
2016-12-18,-0.03595537190082644,121
2016-12-19,0.05014573643410852,129
2016-12-20,0.0018648648648648626,111
2016-12-21,-0.015426785714285716,112
2016-12-22,-0.09665542168674698,83
2016-12-23,0.14840759493670885,79
2016-12-24,0.20302608695652175,46
2016-12-25,0.06553255813953487,43
2016-12-26,0.051803636363636364,55
2016-12-27,0.2983206896551724,58
2016-12-28,0.1345820895522388,67
2016-12-29,0.22309285714285712,42
2016-12-30,0.15295081967213114,61
2016-12-31,0.03708536585365854,41
2017-01-01,0.04947391304347826,69
2017-01-02,0.06723809523809524,63
2017-01-03,0.2009151515151515,66
2017-01-04,0.12815000000000001,64
2017-01-05,0.07785688073394495,109
2017-01-06,0.05914864864864866,74
2017-01-07,0.08282075471698114,53
2017-01-08,0.16556923076923077,65
2017-01-09,0.12851194029850746,67
2017-01-10,0.08925432098765432,81
2017-01-11,0.06277368421052631,57
2017-01-12,0.07916923076923076,52
2017-01-13,0.08039583333333333,48
2017-01-14,0.039955,40
2017-01-15,0.19683846153846155,39
2017-01-16,0.1912931818181818,44
2017-01-17,0.055866666666666655,60
2017-01-18,0.1608,45
2017-01-19,0.2861153846153846,39
2017-01-20,0.25773142857142856,35
2017-01-21,0.23726363636363637,33
2017-01-22,0.11590208333333334,48
2017-01-23,-0.1507656387665198,227
2017-01-24,0.01712987012987013,154
2017-01-25,0.03877047619047619,105
2017-01-26,0.12132380952380953,84
2017-01-27,0.002478750000000003,80
2017-01-28,0.05444833333333333,60
2017-01-29,0.027766071428571428,56
2017-01-30,0.04569056603773585,53
2017-01-31,0.13352191780821918,73
2017-02-01,-0.11555666666666668,60
2017-02-02,0.10819565217391304,69
2017-02-03,0.10538823529411766,51
2017-02-04,0.24346285714285715,35
2017-02-05,0.27399411764705883,85
2017-02-06,0.13602616822429905,107
2017-02-07,0.09496,40
2017-02-08,0.07114583333333332,72
2017-02-09,0.1631859649122807,57
2017-02-10,0.18969056603773585,53
2017-02-11,-0.24655757575757578,99
2017-02-12,0.12031403508771929,57
2017-02-13,0.007055737704918033,61
2017-02-14,0.03368461538461538,91
2017-02-15,0.11627066666666666,75
2017-02-16,0.10881595744680851,94
2017-02-17,-0.07743282442748092,131
2017-02-18,-0.0018619047619047578,63
2017-02-19,0.12640645161290323,62
2017-02-20,0.04656181818181818,55
2017-02-21,0.01770111111111111,90
2017-02-22,0.198412,75
2017-02-23,0.12399062500000001,64
2017-02-24,0.07142264150943396,53
2017-02-25,0.17253571428571426,42
2017-02-26,0.09416451612903226,62
2017-02-27,0.3078170212765957,94
2017-02-28,0.09750579710144927,69
2017-03-01,0.08236534653465345,101
2017-03-02,0.03616969696969696,66
2017-03-03,0.11684794520547945,73
2017-03-04,-0.079084375,32
2017-03-05,0.10923750000000002,40
2017-03-06,0.0976188679245283,53
2017-03-07,0.12154337349397591,83
2017-03-08,0.07306481481481482,108
2017-03-09,0.10887373737373739,99
2017-03-10,0.029642105263157893,57
2017-03-11,0.0911375,64
2017-03-12,0.2248736842105263,38
2017-03-13,0.19771702127659574,47
2017-03-14,0.22340634920634922,63
2017-03-15,0.139434375,64
2017-03-16,0.2395456140350877,57
2017-03-17,0.3352822222222222,45
2017-03-18,0.08932769230769232,65
2017-03-19,0.24824333333333332,60
2017-03-20,0.31154848484848485,66
2017-03-21,0.07699076923076924,65
2017-03-22,0.11518421052631578,76
2017-03-23,0.09102068965517242,87
2017-03-24,0.10030375,80
2017-03-25,0.1500240506329114,79
2017-03-26,0.1404142857142857,49
2017-03-27,0.02751176470588235,85
2017-03-28,0.07795792349726777,183
2017-03-29,0.03573557046979866,149
2017-03-30,0.21423478260869563,69
2017-03-31,0.21870307692307692,65
2017-04-01,-0.02596478873239436,71
2017-04-02,-0.007771153846153841,52
2017-04-03,0.09335,62
2017-04-04,0.25647166666666665,60
2017-04-05,0.29697704918032786,61
2017-04-06,0.1802844827586207,58
2017-04-07,0.269774358974359,39
2017-04-08,0.12097058823529411,34
2017-04-09,0.017861290322580648,31
2017-04-10,-0.048019774011299435,177
2017-04-11,0.027446721311475405,122
2017-04-12,0.15816666666666668,105
2017-04-13,0.027685714285714293,70
2017-04-14,-0.2104539534883721,430
2017-04-15,-0.11276635071090048,211
2017-04-16,-0.03453983050847457,118
2017-04-17,-0.04836535433070865,127
2017-04-18,0.1920141843971631,141
2017-04-19,0.1718824,125
2017-04-20,0.13230204081632654,98
2017-04-21,0.026585849056603775,106
2017-04-22,-0.035546969696969695,66
2017-04-23,-0.0012884615384615374,52
2017-04-24,0.011998969072164946,97
2017-04-25,0.13241444444444445,90
2017-04-26,0.15437045454545453,88
2017-04-27,0.15256,70
2017-04-28,0.0894952380952381,63
2017-04-29,0.1271779661016949,59
2017-04-30,0.035583823529411765,68
2017-05-01,0.11125753424657535,73
2017-05-02,0.0875523076923077,65
2017-05-03,0.2898906666666667,75
2017-05-04,0.08167764705882352,85
2017-05-05,0.06583125,112
2017-05-06,0.10335512820512821,78
2017-05-07,0.031205494505494508,91
2017-05-08,0.08115217391304347,115
2017-05-09,0.10128888888888889,90
2017-05-10,0.013819148936170214,94
2017-05-11,0.251752,50
2017-05-12,0.21212241379310345,58
2017-05-13,0.1548376811594203,69
2017-05-14,0.18575098039215687,51
2017-05-15,0.11581186440677965,59
2017-05-16,0.07226805555555556,72
2017-05-17,0.14490178571428572,56
2017-05-18,0.04723513513513513,37
2017-05-19,0.12106363636363636,55
2017-05-20,0.17631666666666665,42
2017-05-21,0.1893745098039216,51
2017-05-22,0.07319795918367347,49
2017-05-23,0.13600344827586205,58
2017-05-24,-0.0706310606060606,132
2017-05-25,0.03396829268292683,82
2017-05-26,0.060915873015873014,63
2017-05-27,0.013669767441860468,43
2017-05-28,0.01908771929824562,57
2017-05-29,0.040203125000000006,64
2017-05-30,0.17087966101694918,59
2017-05-31,0.1578595238095238,42
2017-06-01,0.07477735849056603,53
2017-06-02,-0.03348545454545454,55
2017-06-03,-0.08752641509433962,53
2017-06-04,0.182146,50
2017-06-05,0.25499555555555553,45
2017-06-06,0.11984814814814815,54
2017-06-07,0.11894626865671643,67
2017-06-08,0.17008513513513512,74
2017-06-09,0.07053039215686276,102
2017-06-10,0.08441725888324875,197
2017-06-11,0.1852843373493976,83
2017-06-12,0.11393214285714286,84
2017-06-13,0.20541020408163269,98
2017-06-14,0.07147972972972974,74
2017-06-15,0.03498133333333333,75
2017-06-16,0.07176666666666667,87
2017-06-17,0.1309139240506329,79
2017-06-18,0.03796265060240964,83
2017-06-19,0.08684415584415585,77
2017-06-20,0.0889887323943662,71
2017-06-21,0.03127765957446809,94
2017-06-22,0.09173111111111112,90
2017-06-23,0.13820151515151516,66
2017-06-24,0.17810923076923077,65
2017-06-25,0.15490298507462688,67
2017-06-26,0.19699285714285714,70
2017-06-27,0.16887228915662653,83
2017-06-28,0.23793947368421053,76
2017-06-29,0.19526400000000002,125
2017-06-30,0.06616666666666667,63
2017-07-01,0.18373703703703706,54
2017-07-02,0.09730877192982455,57
2017-07-03,0.23969444444444443,72
2017-07-04,0.15712,75
2017-07-05,0.09539803921568628,102
2017-07-06,0.16627883211678832,137
2017-07-07,0.04098941798941799,189
2017-07-08,0.1514206106870229,131
2017-07-09,0.1845686567164179,134
2017-07-10,0.10720496453900709,141
2017-07-11,0.06628865979381444,97
2017-07-12,0.11837118644067797,118
2017-07-13,0.17678571428571427,98
2017-07-14,0.1024965811965812,117
2017-07-15,-0.07306648648648649,185
2017-07-16,-0.17714275862068965,145
2017-07-17,-0.015693478260869566,92
2017-07-18,0.08726185567010308,97
2017-07-19,0.04749896907216495,97
2017-07-20,0.1250119658119658,117
2017-07-21,0.14169782608695652,92
2017-07-22,0.21001,70
2017-07-23,0.012384653465346533,404
2017-07-24,0.06645384615384616,156
2017-07-25,0.09416901408450704,142
2017-07-26,0.14228461538461537,104
2017-07-27,0.09365,114
2017-07-28,0.11094361702127659,94
2017-07-29,0.057995505617977526,89
2017-07-30,0.06227011494252873,87
2017-07-31,0.16740270270270272,74
2017-08-01,0.15487948717948719,78
2017-08-02,0.12711999999999998,75
2017-08-03,0.15985569620253165,79
2017-08-04,0.1600450704225352,71
2017-08-05,0.16149824561403509,57
2017-08-06,0.07404583333333332,72
2017-08-07,0.13210869565217392,92
2017-08-08,0.06357064220183486,109
2017-08-09,0.11939026548672566,113
2017-08-10,-0.025346753246753246,77
2017-08-11,0.10127272727272728,77
2017-08-12,0.08862264150943397,53
2017-08-13,0.1837698113207547,53
2017-08-14,0.1579140625,64
2017-08-15,0.24650461538461538,65
2017-08-16,0.10358,75
2017-08-17,0.07054038461538462,52
2017-08-18,0.29425384615384614,39
2017-08-19,0.08466724137931034,58
2017-08-20,0.19187833333333335,60
2017-08-21,0.09549090909090908,55
2017-08-22,0.17500714285714286,56
2017-08-23,0.08816739130434782,46
2017-08-24,0.08825384615384614,65
2017-08-25,0.1355490909090909,55
2017-08-26,0.25101351351351353,37
2017-08-27,0.033019047619047615,42
2017-08-28,0.0853313725490196,51
2017-08-29,0.11759230769230769,65
2017-08-30,0.162684375,64
2017-08-31,0.09764197530864198,81
2017-09-01,0.0014717948717948676,78
2017-09-02,-0.010309756097560978,41
2017-09-03,0.2142227272727273,44
2017-09-04,-0.007535714285714283,56
2017-09-05,0.06087272727272728,55
2017-09-06,0.19157192982456142,57
2017-09-07,0.07882448979591837,98
2017-09-08,0.10208095238095238,84
2017-09-09,0.07765540540540541,74
2017-09-10,0.183485,60
2017-09-11,0.21069830508474577,59
2017-09-12,0.2988060606060606,66
2017-09-13,0.2587860465116279,43
2017-09-14,0.28650526315789476,38
2017-09-15,0.11905714285714286,49
2017-09-16,-0.038367500000000006,40
2017-09-17,0.08684999999999998,34
2017-09-18,0.25227666666666665,30
2017-09-19,0.09267551020408163,49
2017-09-20,0.15282,50
2017-09-21,0.17340476190476192,42
2017-09-22,0.047529824561403505,57
2017-09-23,0.23091395348837207,43
2017-09-24,0.16001764705882351,34
2017-09-25,0.23650000000000002,41
2017-09-26,0.15278059701492538,67
2017-09-27,0.16276811594202897,69
2017-09-28,0.15676103896103893,77
2017-09-29,0.19499375,48
2017-09-30,0.21727804878048781,41
2017-10-01,0.22101818181818184,55
2017-10-02,0.173045,40
2017-10-03,0.18783880597014926,67
2017-10-04,0.05281034482758621,58
2017-10-05,0.20964383561643837,73
2017-10-06,0.19097999999999998,50
2017-10-07,0.16552432432432432,37
2017-10-08,0.06029154929577464,71
2017-10-09,0.05012393162393162,117
2017-10-10,-0.2161666,500
2017-10-11,0.02455275590551181,127
2017-10-12,0.0985918918918919,74
2017-10-13,0.1978769230769231,52
2017-10-14,0.1268063829787234,47
2017-10-15,0.2956818181818182,33
2017-10-16,0.1532956896551724,116
2017-10-17,-0.01871711711711712,111
2017-10-18,0.040692,75
2017-10-19,0.14858888888888888,108
2017-10-20,0.11505217391304348,69
2017-10-21,0.150621568627451,51
2017-10-22,0.12971428571428573,56
2017-10-23,0.13337012987012986,77
2017-10-24,0.1842080459770115,87
2017-10-25,0.12752790697674418,86
2017-10-26,0.11200379746835443,79
2017-10-27,0.1583089552238806,67
2017-10-28,0.2269766666666667,60
2017-10-29,0.2223359375,64
2017-10-30,0.16790842105263157,95
2017-10-31,0.15156734693877552,98
2017-11-01,0.15801682242990656,107
2017-11-02,0.024265137614678897,109
2017-11-03,0.11664761904761906,147
2017-11-04,0.15836846846846847,111
2017-11-05,0.16579777777777777,135
2017-11-06,0.08543072289156627,166
2017-11-07,0.1512390243902439,123
2017-11-08,0.25033232323232324,99
2017-11-09,0.009803773584905657,106
2017-11-10,0.08603956043956044,91
2017-11-11,0.07932727272727273,77
2017-11-12,0.2096972602739726,73
2017-11-13,0.1933379746835443,79
2017-11-14,0.1277140625,64
2017-11-15,0.158615625,64
2017-11-16,0.1443367088607595,79
2017-11-17,-0.0036466666666666683,90
2017-11-18,-0.055295061728395066,81
2017-11-19,0.05453116883116883,77
2017-11-20,0.19559157894736842,95
2017-11-21,0.16649324324324324,74
2017-11-22,0.24183737373737374,99
2017-11-23,0.1687263157894737,76
2017-11-24,0.07357083333333334,72
2017-11-25,0.14654142857142857,70
2017-11-26,0.14257093023255812,86
2017-11-27,0.13516989247311828,93
2017-11-28,0.00045263157894736823,114
2017-11-29,-0.20082109090909092,275
2017-11-30,-0.1737952879581152,191
2017-12-01,-0.0929,101
2017-12-02,0.021138095238095237,84
2017-12-03,0.12200609756097561,82
2017-12-04,-0.011215730337078653,89
2017-12-05,0.1669047619047619,84
2017-12-06,0.12712127659574468,94
2017-12-07,0.215458024691358,81
2017-12-08,-0.003962711864406784,59
2017-12-09,-0.045522448979591845,49
2017-12-10,0.10398028169014084,71
2017-12-11,-0.042478409090909094,88
2017-12-12,-0.12898015873015872,126
2017-12-13,-0.06956132075471698,106
2017-12-14,0.14957499999999999,216
2017-12-15,-0.05426214689265538,177
2017-12-16,-0.21545519999999999,125
2017-12-17,-0.15763899371069184,159
2017-12-18,-0.028864497041420124,169
2017-12-19,-0.10278430232558139,172
2017-12-20,-0.07988837209302325,129
2017-12-21,-0.14534576271186442,118
2017-12-22,-0.1516421568627451,102
2017-12-23,0.057863414634146335,82
2017-12-24,-0.1041072463768116,69
2017-12-25,-0.00535277777777778,72
2017-12-26,-0.0631686046511628,86
2017-12-27,-0.15914,95
2017-12-28,0.019622499999999998,80
2017-12-29,-0.09652857142857142,77
2017-12-30,0.12503466666666668,75
2017-12-31,0.13666410256410258,78
2018-01-01,-0.07584754098360656,61
2018-01-02,0.04953793103448276,87
2018-01-03,0.012802777777777776,72
2018-01-04,-0.016775409836065576,61
2018-01-05,0.09392631578947369,76
2018-01-06,0.15329642857142858,56
2018-01-07,0.119796875,64
2018-01-08,0.16306197183098592,71
2018-01-09,0.17692692307692306,78
2018-01-10,0.10086666666666666,75
2018-01-11,0.24829333333333334,60
2018-01-12,0.20260249999999996,80
2018-01-13,0.14534200000000003,50
2018-01-14,0.12288750000000001,56
2018-01-15,-0.04202413793103449,58
2018-01-16,0.07241645569620253,79
2018-01-17,0.07249518072289156,83
2018-01-18,0.08185172413793103,58
2018-01-19,0.09301940298507463,67
2018-01-20,0.16491967213114755,61
2018-01-21,0.03464418604651163,43
2018-01-22,0.17207313432835822,67
2018-01-23,0.16672708333333333,48
2018-01-24,0.2427139534883721,43
2018-01-25,0.2866242424242424,99
2018-01-26,0.23435999999999998,80
2018-01-27,0.1105037037037037,54
2018-01-28,0.16293857142857143,70
2018-01-29,0.327498076923077,52
2018-01-30,0.08292533936651583,221
2018-01-31,0.008863461538461535,104
2018-02-01,0.2147031007751938,129
2018-02-02,-0.0717388888888889,72
2018-02-03,0.22924375,64
2018-02-04,-0.183219,100
2018-02-05,-0.24301374045801527,262
2018-02-06,-0.12818455284552846,123
2018-02-07,-0.12135825242718447,103
2018-02-08,0.032757943925233644,107
2018-02-09,0.03454666666666666,105
2018-02-10,0.10824647887323945,71
2018-02-11,0.13697875,80
2018-02-12,0.14332574257425743,101
2018-02-13,0.18309270833333333,96
2018-02-14,0.05235934065934066,91
2018-02-15,0.1311421875,128
2018-02-16,0.06794926470588235,136
2018-02-17,0.048590780141843974,141
2018-02-18,0.05622695035460993,141
2018-02-19,0.11514903225806451,155
2018-02-20,0.037439041095890406,146
2018-02-21,0.1543971153846154,104
2018-02-22,0.07937469879518072,83
2018-02-23,0.0509865671641791,67
2018-02-24,0.02253513513513513,74
2018-02-25,0.21894375,80
2018-02-26,0.0358344537815126,119
2018-02-27,0.159,111
2018-02-28,0.08537171717171718,99
2018-03-01,0.011284693877551016,98
2018-03-02,0.054609,100
2018-03-03,0.21044767441860468,86
2018-03-04,-0.023652439024390248,82
2018-03-05,0.1434574074074074,108
2018-03-06,0.13043302752293578,109
2018-03-07,0.057349484536082476,97
2018-03-08,0.09581428571428571,126
2018-03-09,0.08999464285714286,112
2018-03-10,0.21131724137931032,87
2018-03-11,0.06719642857142857,84
2018-03-12,-0.033454901960784315,102
2018-03-13,0.06295324675324675,77
2018-03-14,0.0403979381443299,97
2018-03-15,-0.08182380952380952,105
2018-03-16,-0.09427163120567376,141
2018-03-17,-0.12626074766355141,107
2018-03-18,0.0351156862745098,102
2018-03-19,-0.027127368421052643,95
2018-03-20,0.09764220183486237,109
2018-03-21,0.12635714285714283,98
2018-03-22,0.11617325581395349,86
2018-03-23,0.20335064935064934,77
2018-03-24,-0.014373913043478272,69
2018-03-25,0.11271714285714286,70
2018-03-26,0.2055216216216216,148
2018-03-27,0.12379067796610169,118
2018-03-28,0.17271444444444445,90
2018-03-29,0.10568202247191011,89
2018-03-30,0.08492272727272726,88
2018-03-31,-0.004325287356321842,87
2018-04-01,0.100054,50
2018-04-02,-0.07958181818181818,66
2018-04-03,-0.07956111111111112,54
2018-04-04,0.04392575757575757,66
2018-04-05,-0.06267865168539326,89
2018-04-06,-0.034283695652173915,92
2018-04-07,-0.07724098360655739,61
2018-04-08,-0.03633723404255319,94
2018-04-09,-0.23692898550724636,138
2018-04-10,-0.19577682926829268,82
2018-04-11,-0.05266909090909091,55
2018-04-12,0.05913626373626373,91
2018-04-13,0.025630303030303024,99
2018-04-14,-0.06664242424242425,66
2018-04-15,-0.14253728813559324,59
2018-04-16,-0.12663870967741936,62
2018-04-17,0.03476901408450705,71
2018-04-18,0.0075754716981132056,53
2018-04-19,-0.09905802469135802,81
2018-04-20,-0.02975166666666668,60
2018-04-21,-0.04644745762711864,59
2018-04-22,-0.06045890410958904,73
2018-04-23,-0.1973707317073171,82
2018-04-24,-0.25532127659574466,94
2018-04-25,-0.21044183673469388,98
2018-04-26,-0.2697588888888889,90
2018-04-27,-0.3634439716312057,141
2018-04-28,-0.29196268656716423,134
2018-04-29,-0.38965303030303033,132
2018-04-30,-0.15462642487046632,193
2018-05-01,-0.08774358974358976,234
2018-05-02,-0.18803939393939395,165
2018-05-03,-0.19061440000000002,125
2018-05-04,-0.2388046875,128
2018-05-05,-0.24088016528925618,121
2018-05-06,-0.1397620253164557,79
2018-05-07,-0.04581809523809525,105
2018-05-08,-0.10745517241379311,116
2018-05-09,-0.13848105263157895,95
2018-05-10,-0.037304705882352955,85
2018-05-11,-0.2806220183486239,109
2018-05-12,-0.05249696969696971,99
2018-05-13,-0.2035280487804878,82
2018-05-14,0.03410689655172413,87
2018-05-15,-0.08689382716049383,81
2018-05-16,-0.2172910891089109,101
2018-05-17,-0.0946718309859155,71
2018-05-18,-0.13719636363636364,55
2018-05-19,0.04678478260869565,46
2018-05-20,-0.024302127659574464,47
2018-05-21,-0.08659285714285715,98
2018-05-22,-0.22453375000000003,80
2018-05-23,0.049289743589743584,78
2018-05-24,-0.129275,92
2018-05-25,-0.17508294117647058,170
2018-05-26,-0.041887313432835825,134
2018-05-27,-0.17366076923076923,130
2018-05-28,-0.16260662251655628,151
2018-05-29,-0.0910986301369863,146
2018-05-30,-0.06889659090909091,88
2018-05-31,-0.16866021505376344,93
2018-06-01,-0.23355714285714285,98
2018-06-02,-0.037423913043478266,92
2018-06-03,0.09550476190476191,105
2018-06-04,-0.029760000000000005,105
2018-06-05,0.033135802469135806,81
2018-06-06,0.018937037037037037,81
2018-06-07,-0.06589375,80
2018-06-08,0.10084153846153847,65
2018-06-09,0.16643953488372093,43
2018-06-10,0.0031741379310344757,58
2018-06-11,0.08897457627118643,59
2018-06-12,0.03201384615384615,65
2018-06-13,-0.11504745762711864,59
2018-06-14,0.07292337662337663,77
2018-06-15,0.10333402061855669,97
2018-06-16,0.18220238095238095,84
2018-06-17,0.06631710526315789,76
2018-06-18,0.1090362831858407,113
2018-06-19,0.07284594594594594,74
2018-06-20,0.16568709677419355,93
2018-06-21,0.01060208333333333,96
2018-06-22,0.08667733333333333,75
2018-06-23,0.16132857142857143,63
2018-06-24,0.11241919191919192,99
2018-06-25,0.006801123595505614,89
2018-06-26,0.023297701149425285,87
2018-06-27,0.11884137931034483,87
2018-06-28,0.13413387096774193,62
2018-06-29,0.1615194029850746,67
2018-06-30,0.09868181818181819,55
2018-07-01,0.15857014925373134,67
2018-07-02,0.20373333333333332,99
2018-07-03,0.07979677419354839,62
2018-07-04,0.17230882352941176,68
2018-07-05,0.218784375,96
2018-07-06,0.19364761904761904,147
2018-07-07,0.12706788990825688,109
2018-07-08,0.18536796116504856,103
2018-07-09,0.09854070796460176,113
2018-07-10,0.07284420289855073,138
2018-07-11,0.03430999999999999,80
2018-07-12,0.12130266666666666,75
2018-07-13,0.27068363636363635,55
2018-07-14,0.16091166666666668,60
2018-07-15,0.17453898305084747,59
2018-07-16,0.11301071428571428,56
2018-07-17,0.24894464285714285,56
2018-07-18,0.005452542372881359,59
2018-07-19,0.11201384615384616,65
2018-07-20,-0.04020909090909091,44
2018-07-21,0.20729756097560975,41
2018-07-22,0.2423125,32
2018-07-23,0.19713809523809522,42
2018-07-24,0.042975,52
2018-07-25,0.12083333333333332,54
2018-07-26,0.05055714285714286,35
2018-07-27,0.19752545454545453,55
2018-07-28,0.12743658536585364,41
2018-07-29,0.11260714285714285,42
2018-07-30,0.20178285714285715,35
2018-07-31,-0.02401718750000001,64
2018-08-01,-0.04920666666666667,60
2018-08-02,0.3825136363636364,22
2018-08-03,0.14448717948717948,39
2018-08-04,0.034030769230769226,52
2018-08-05,0.08124999999999999,54
2018-08-06,0.11725384615384615,52
2018-08-07,0.14904673913043479,92
2018-08-08,0.0647972602739726,73
2018-08-09,0.05883265306122448,49
2018-08-10,0.22316491228070176,57
2018-08-11,0.08539090909090909,44
2018-08-12,0.0179,37
2018-08-13,0.1025264705882353,34
2018-08-14,0.06491147540983606,61
2018-08-15,0.054854901960784304,51
2018-08-16,-0.020859183673469388,49
2018-08-17,0.10322962962962963,54
2018-08-18,0.18447575757575757,33
2018-08-19,-0.02106250000000001,40
2018-08-20,0.03937833333333333,60
2018-08-21,0.08193095238095238,42
2018-08-22,0.2207095238095238,42
2018-08-23,0.20731176470588233,34
2018-08-24,0.32595588235294115,34
2018-08-25,-0.02920810810810812,37
2018-08-26,0.21702083333333333,48
2018-08-27,0.10519,40
2018-08-28,0.1899,36
2018-08-29,0.12098372093023256,43
2018-08-30,0.04567272727272726,33
2018-08-31,0.12029756097560976,41
2018-09-01,0.16370238095238093,42
2018-09-02,0.14936304347826088,46
2018-09-03,0.003785294117647073,34
2018-09-04,-0.024146808510638294,47
2018-09-05,0.16446999999999998,90
2018-09-06,0.23198524590163933,61
2018-09-07,0.09127948717948718,39
2018-09-08,0.0682,33
2018-09-09,0.08802307692307691,39
2018-09-10,-0.029486538461538463,52
2018-09-11,0.15718235294117647,34
2018-09-12,0.10241,40
2018-09-13,0.026938461538461543,39
2018-09-14,0.1316948717948718,39
2018-09-15,0.1741125,32
2018-09-16,-0.07648620689655174,29
2018-09-17,-0.01510655737704918,61
2018-09-18,0.3847126984126984,126
2018-09-19,0.26143359374999997,128
2018-09-20,0.13915,128
2018-09-21,0.20898301886792453,53
2018-09-22,0.18945102040816325,49
2018-09-23,0.13973589743589743,39
2018-09-24,0.137254,50
2018-09-25,0.0879225,40
2018-09-26,-0.03656750000000002,40
2018-09-27,0.3150736842105263,38
2018-09-28,0.19907105263157895,38
2018-09-29,0.0737388888888889,36
2018-09-30,-0.08215277777777778,36
2018-10-01,0.15711929824561405,57
2018-10-02,-0.08456666666666666,108
2018-10-03,0.043191803278688524,61
2018-10-04,-0.04226,60
2018-10-05,-0.06089827586206896,58
2018-10-06,0.0095078947368421,38
2018-10-07,0.22638999999999998,30
2018-10-08,0.19515581395348838,43
2018-10-09,0.13979722222222224,36
2018-10-10,0.1379581818181818,55
2018-10-11,0.19683333333333333,36
2018-10-12,0.115390625,64
2018-10-13,0.09541896551724138,58
2018-10-14,0.10101956521739129,46
2018-10-15,0.3613806451612903,31
2018-10-16,0.1774030769230769,65
2018-10-17,0.18769999999999998,63
2018-10-18,0.022702325581395347,43
2018-10-19,0.1473860465116279,43
2018-10-20,0.148055,40
2018-10-21,0.16571842105263157,38
2018-10-22,0.1432795918367347,49
2018-10-23,0.25244,45
2018-10-24,0.315427027027027,37
2018-10-25,0.16689428571428572,35
2018-10-26,0.10486470588235294,34
2018-10-27,0.29634666666666665,30
2018-10-28,0.2771472222222222,36
2018-10-29,0.18216428571428572,28
2018-10-30,0.096632,25
2018-10-31,0.148896,50
2018-11-01,0.09053928571428571,28
2018-11-02,0.2787513513513514,37
2018-11-03,-0.006973170731707313,41
2018-11-04,0.16416521739130435,23
2018-11-05,0.23336470588235295,34
2018-11-06,0.26583529411764706,34
2018-11-07,0.160675,32
2018-11-08,0.03045434782608696,46
2018-11-09,0.006231578947368422,57
2018-11-10,0.0502,33
2018-11-11,0.5116761904761905,21
2018-11-12,-0.007675308641975306,81
2018-11-13,0.11610919540229885,87
2018-11-14,0.21222028985507246,69
2018-11-15,0.18081860465116278,43
2018-11-16,0.1510904761904762,42
2018-11-17,0.003435294117647053,34
2018-11-18,0.30686216216216217,37
2018-11-19,0.36646734693877553,49
2018-11-20,0.23199722222222224,36
2018-11-21,0.15559795918367347,49
2018-11-22,-0.02859148936170213,47
2018-11-23,-0.05244794520547945,73
2018-11-24,0.0942948275862069,58
2018-11-25,-0.1096304347826087,46
2018-11-26,0.29601707317073167,41
2018-11-27,0.09328947368421052,57
2018-11-28,0.1428578947368421,38
2018-11-29,0.09049574468085107,47
2018-11-30,0.24209545454545456,66
2018-12-01,0.11640655737704919,61
2018-12-02,0.2864,29
2018-12-03,0.314565625,64
2018-12-04,0.40432773109243697,119
2018-12-05,0.0018581081081081076,74
2018-12-06,0.1535089285714286,56
2018-12-07,0.0038929447852760735,326
2018-12-08,0.1046568093385214,257
2018-12-09,0.05031346153846154,156
2018-12-10,0.17615,114
2018-12-11,0.09733773584905661,106
2018-12-12,0.16119333333333333,90
2018-12-13,0.09417979797979799,99
2018-12-14,0.20044545454545454,66
2018-12-15,0.09472156862745099,51
2018-12-16,0.11431607142857143,56
2018-12-17,0.11975964912280701,57
2018-12-18,0.1621142857142857,56
2018-12-19,0.20759135802469136,81
2018-12-20,0.020049295774647886,71
2018-12-21,0.0722245283018868,53
2018-12-22,-0.03232307692307693,39
2018-12-23,0.029266666666666667,39
2018-12-24,0.31204081632653063,49
2018-12-25,0.04474901960784313,51
2018-12-26,0.061738775510204076,49
2018-12-27,0.1322057142857143,70
2018-12-28,0.28054199999999996,50
2018-12-29,0.06049615384615385,52
2018-12-30,0.0715741935483871,62
2018-12-31,0.2201934426229508,61
2019-01-01,0.12504444444444443,54
2019-01-02,0.24889859154929578,71
2019-01-03,0.19741940298507463,67
2019-01-04,0.15219491525423728,59
2019-01-05,0.09064423076923077,52
2019-01-06,0.12598103448275863,58
2019-01-07,0.13148545454545454,55
2019-01-08,0.27507241379310343,87
2019-01-09,0.05281269841269841,63
2019-01-10,0.21580392156862746,51
2019-01-11,0.2462516129032258,62
2019-01-12,0.3629931818181818,44
2019-01-13,0.06696818181818183,44
2019-01-14,0.13025245901639343,61
2019-01-15,-0.02481902985074627,268
2019-01-16,0.13842307692307693,130
2019-01-17,0.11639449541284405,109
2019-01-18,0.13546973684210525,76
2019-01-19,0.05680199999999999,50
2019-01-20,0.11965223880597015,67
2019-01-21,0.18212619047619047,42
2019-01-22,0.2254017543859649,57
2019-01-23,0.10707777777777777,54
2019-01-24,0.2188404761904762,42
2019-01-25,0.14181666666666665,42
2019-01-26,0.14873478260869566,46
2019-01-27,0.10968684210526315,38
2019-01-28,0.1823016129032258,62
2019-01-29,0.2286092307692308,65
2019-01-30,0.23144603174603176,63
2019-01-31,0.17740425531914897,47
2019-02-01,0.03523272727272727,55
2019-02-02,0.1876530303030303,66
2019-02-03,0.279956338028169,142
2019-02-04,0.2707081395348837,172
2019-02-05,0.2743796116504854,103
2019-02-06,0.1667751937984496,129
2019-02-07,0.17535212765957447,94
2019-02-08,0.18392235294117648,85
2019-02-09,0.26971090909090906,55
2019-02-10,0.19880163934426232,61
2019-02-11,0.13973086419753086,81
2019-02-12,0.17631206896551727,58
2019-02-13,0.04221239669421487,121
2019-02-14,0.11651521739130435,92
2019-02-15,0.22964634146341462,82
2019-02-16,0.08815098039215687,51
2019-02-17,0.2142939393939394,66
2019-02-18,0.16629,60
2019-02-19,0.11561868131868132,91
2019-02-20,0.27124886363636364,88
2019-02-21,0.33709838709677414,62
2019-02-22,0.13240983606557377,61
2019-02-23,0.006875999999999993,50
2019-02-24,0.13465892857142855,56
2019-02-25,0.24926567164179106,67
2019-02-26,0.08584767441860465,86
2019-02-27,0.10695135135135136,74
2019-02-28,0.18320769230769232,91
2019-03-01,0.14468194444444446,72
2019-03-02,0.25379999999999997,60
2019-03-03,0.13998035714285714,56
2019-03-04,0.26578703703703704,54
2019-03-05,0.22595247524752476,101
2019-03-06,0.22586527777777776,72
2019-03-07,0.1879377049180328,122
2019-03-08,0.2753845588235294,136
2019-03-09,0.30311307692307693,130
2019-03-10,0.3834278260869565,115
2019-03-11,0.40687112676056336,142
2019-03-12,0.305040251572327,159
2019-03-13,0.32671666666666666,96
2019-03-14,0.1751271052631579,380
2019-03-15,0.12437652582159625,213
2019-03-16,0.20398985507246378,138
2019-03-17,0.1725188811188811,143
2019-03-18,0.25481230769230767,130
2019-03-19,0.1642812834224599,187
2019-03-20,0.16541056338028168,142
2019-03-21,0.22438951612903227,124
2019-03-22,0.13714878048780488,123
2019-03-23,0.2067136842105263,95
2019-03-24,0.2800913043478261,92
2019-03-25,0.10951457286432162,199
2019-03-26,0.08506284153005464,183
2019-03-27,0.09219930555555556,144
2019-03-28,0.12507913669064746,139
2019-03-29,0.12856176470588235,136
2019-03-30,0.1597271028037383,107
2019-03-31,0.1510991379310345,116
2019-04-01,0.15317394366197182,142
2019-04-02,0.25546328502415455,414
2019-04-03,0.13791473684210526,190
2019-04-04,0.10195953757225433,173
2019-04-05,0.16031603053435114,131
2019-04-06,0.23486271186440677,118
2019-04-07,0.13980642201834861,109
2019-04-08,0.20419775280898878,178
2019-04-09,0.1481237288135593,118
2019-04-10,0.10188187499999998,160
2019-04-11,0.15467882352941176,170
2019-04-12,-0.14903838383838383,396
2019-04-13,0.015310373443983406,241
2019-04-14,-0.04078362068965517,232
2019-04-15,0.09319718309859155,142
2019-04-16,0.12010070422535213,142
2019-04-17,0.078989,100
2019-04-18,0.08805102040816326,98
2019-04-19,0.1480987341772152,79
2019-04-20,0.10462409638554217,83
2019-04-21,0.015478205128205129,78
2019-04-22,0.12595520833333332,96
2019-04-23,0.12204424778761062,113
2019-04-24,0.12640775193798448,129
2019-04-25,0.13523353658536585,164
2019-04-26,0.10599886363636363,176
2019-04-27,0.11245333333333332,180
2019-04-28,0.09360282258064516,248
2019-04-29,0.1668404255319149,188
2019-04-30,0.19721180555555556,144
2019-05-01,0.05660322580645162,124
2019-05-02,0.1516724409448819,127
2019-05-03,0.09897596899224806,129
2019-05-04,0.14251296296296295,108
2019-05-05,0.044167479674796756,123
2019-05-06,0.10477680412371133,194
2019-05-07,0.10467272727272728,132
2019-05-08,0.13589615384615383,130
2019-05-09,0.11872457627118643,118
2019-05-10,0.13857234042553193,94
2019-05-11,0.27894444444444444,45
2019-05-12,0.18213478260869564,69
2019-05-13,0.11241290322580645,62
2019-05-14,-0.040087000000000005,100
2019-05-15,0.0646860465116279,86
2019-05-16,0.12015344827586207,58
2019-05-17,0.11997090909090909,55
2019-05-18,0.16186,40
2019-05-19,0.1164920634920635,63
2019-05-20,0.07807735849056603,53
2019-05-21,0.09336785714285714,56
2019-05-22,-0.031632,125
2019-05-23,0.16807321428571426,56
2019-05-24,0.07364411764705882,68
2019-05-25,0.18492264150943397,53
2019-05-26,0.3822648648648649,37
2019-05-27,0.25355526315789473,38
2019-05-28,0.10612131147540983,61
2019-05-29,0.11372424242424242,66
2019-05-30,-0.03027285714285715,70
2019-05-31,0.04675178571428572,56
2019-06-01,0.06989148936170214,47
2019-06-02,0.09999661016949152,59
2019-06-03,0.07395972222222222,72
2019-06-04,0.029455714285714293,70
2019-06-05,0.19742181818181817,55
2019-06-06,0.1632578947368421,57
2019-06-07,0.22644313725490198,51
2019-06-08,0.14026785714285714,56
2019-06-09,0.2142052631578947,38
2019-06-10,0.21918813559322034,59
2019-06-11,0.14980941176470589,85
2019-06-12,0.20698636363636363,66
2019-06-13,0.2692779661016949,59
2019-06-14,0.212178125,64
2019-06-15,0.10432830188679246,53
2019-06-16,0.09188837209302325,43
2019-06-17,0.1686225,80
2019-06-18,0.121415,60
2019-06-19,0.10517053571428571,112
2019-06-20,0.2824594594594595,74
2019-06-21,0.11568389830508476,118
2019-06-22,0.16459354838709678,93
2019-06-23,0.169528125,96
2019-06-24,0.10783783783783785,111
2019-06-25,0.20475714285714286,91
2019-06-26,0.19734642857142856,56
2019-06-27,0.0805954954954955,111
2019-06-28,0.1501013157894737,76
2019-06-29,0.17301136363636363,44
2019-06-30,0.16951249999999998,56
2019-07-01,0.23205689655172415,58
2019-07-02,0.11583103448275861,87
2019-07-03,0.061618478260869566,92
2019-07-04,0.17342716049382714,81
2019-07-05,0.1285078947368421,76
2019-07-06,0.2122705882352941,85
2019-07-07,0.2121,65
2019-07-08,-0.013640350877192974,114
2019-07-09,0.21336823529411764,85
2019-07-10,0.058518292682926826,82
2019-07-11,0.13129036144578313,83
2019-07-12,0.10984000000000001,80
2019-07-13,0.21336388888888888,72
2019-07-14,0.09039166666666668,72
2019-07-15,0.20265930232558138,86
2019-07-16,0.1544327868852459,61
2019-07-17,0.15061973684210528,76
2019-07-18,0.23103749999999998,72
2019-07-19,-0.006304477611940298,67
2019-07-20,0.13643164556962026,79
2019-07-21,0.3607272108843537,147
2019-07-22,0.14532985074626867,67
2019-07-23,0.26266081081081083,74
2019-07-24,0.13314193548387096,62
2019-07-25,0.05758181818181818,55
2019-07-26,0.0994470588235294,51
2019-07-27,0.22741764705882353,51
2019-07-28,0.23638636363636364,44
2019-07-29,-0.03847142857142856,49
2019-07-30,0.14886818181818182,66
2019-07-31,0.08499999999999999,57
2019-08-01,-0.03835714285714286,49
2019-08-02,0.23436379310344826,58
2019-08-03,0.18157391304347825,46
2019-08-04,0.12302093023255814,43
2019-08-05,0.2266,43
2019-08-06,0.13517076923076926,65
2019-08-07,0.03238750000000001,48
2019-08-08,-0.05264736842105264,57
2019-08-09,0.30015777777777775,45
2019-08-10,0.06325227272727273,44
2019-08-11,0.15369473684210525,38
2019-08-12,0.03133035714285714,56
2019-08-13,0.10506470588235294,51
2019-08-14,0.06350625,32
2019-08-15,0.013979545454545455,44
2019-08-16,0.09468199999999999,50
2019-08-17,-0.03136410256410256,39
2019-08-18,0.21218205128205128,39
2019-08-19,0.0605731343283582,67
2019-08-20,0.15482179487179487,78
2019-08-21,0.0587775,40
2019-08-22,0.1349938775510204,49
2019-08-23,0.03688119658119658,117
2019-08-24,-0.0494462962962963,270
2019-08-25,0.17789065420560746,107
2019-08-26,-0.06166410256410256,195
2019-08-27,0.09421071428571429,112
2019-08-28,-0.003970731707317072,82
2019-08-29,0.11504933333333334,75
2019-08-30,-0.011494444444444439,54
2019-08-31,0.261275,56
2019-09-01,-0.06858846153846154,52
2019-09-02,0.0827948717948718,39
2019-09-03,0.1278551724137931,58
2019-09-04,-0.011219672131147539,61
2019-09-05,0.06409000000000001,50
2019-09-06,0.05761428571428572,42
2019-09-07,0.190184375,32
2019-09-08,0.027141860465116286,43
2019-09-09,0.2592,42
2019-09-10,0.02841538461538462,52
2019-09-11,0.14890810810810812,37
2019-09-12,0.14967608695652174,46
2019-09-13,0.11796140350877192,57
2019-09-14,0.16896046511627907,43
2019-09-15,0.022925000000000008,32
2019-09-16,0.23520487804878049,41
2019-09-17,0.1971675,40
2019-09-18,0.17359032258064513,31
2019-09-19,0.050631914893617014,47
2019-09-20,0.30250571428571427,35
2019-09-21,0.179190243902439,41
2019-09-22,0.057432142857142855,28
2019-09-23,0.10868243243243243,74
2019-09-24,-0.05634363636363637,55
2019-09-25,-0.10302285714285715,35
2019-09-26,0.002720588235294122,34
2019-09-27,0.028032000000000005,50
2019-09-28,0.08851964285714287,56
2019-09-29,0.23694807692307693,52
2019-09-30,0.13182878787878788,66
2019-10-01,0.16400454545454546,44
2019-10-02,0.05989230769230769,39
2019-10-03,0.22052244897959183,49
2019-10-04,0.13419999999999999,63
2019-10-05,0.14510625,48
2019-10-06,0.18455806451612905,31
2019-10-07,0.12229749999999999,40
2019-10-08,-0.05263888888888888,36
2019-10-09,0.24538000000000001,25
2019-10-10,0.05569999999999999,46
2019-10-11,0.016970270270270277,37
2019-10-12,0.010380645161290312,31
2019-10-13,0.35159333333333337,30
2019-10-14,0.07311142857142856,35
2019-10-15,0.02952459016393443,61
2019-10-16,0.17825576923076922,52
2019-10-17,0.25868703703703705,54
2019-10-18,-0.1667183673469388,49
2019-10-19,-0.042166666666666665,45
2019-10-20,0.06753846153846155,52
2019-10-21,-0.08224923076923077,65
2019-10-22,-0.23302148148148147,270
2019-10-23,-0.08979774436090225,133
2019-10-24,0.0695159420289855,69
2019-10-25,0.02079538461538462,65
2019-10-26,0.20425625,48
2019-10-27,0.13318205128205127,39
2019-10-28,-0.01809518072289157,83
2019-10-29,-0.0074420000000000016,150
2019-10-30,0.06884415584415585,77
2019-10-31,-0.04343571428571428,42
2019-11-01,0.0923531914893617,47
2019-11-02,0.033067346938775506,49
2019-11-03,0.11688235294117648,51
2019-11-04,-0.001885714285714288,70
2019-11-05,0.014632758620689653,58
2019-11-06,-0.07735094339622643,53
2019-11-07,0.10682823529411765,85
2019-11-08,-0.0014683544303797495,79
2019-11-09,0.1836372881355932,59
2019-11-10,0.354640350877193,57
2019-11-11,0.15546000000000001,90
2019-11-12,0.16772053333333334,375
2019-11-13,0.17121190476190476,336
2019-11-14,0.11355458937198068,207
2019-11-15,0.16316407766990293,206
2019-11-16,0.17996432432432433,185
2019-11-17,0.21800059171597636,169
2019-11-18,0.15816241610738255,149
2019-11-19,0.17175187969924813,133
2019-11-20,0.08293260869565218,184
2019-11-21,0.11219606299212598,127
2019-11-22,0.07772311320754717,212
2019-11-23,0.12543290043290045,231
2019-11-24,0.09711971830985916,142
2019-11-25,0.05813959390862944,197
2019-11-26,0.07702805755395682,139
2019-11-27,0.04885686274509804,153
2019-11-28,0.017251724137931034,116
2019-11-29,0.05322068965517241,145
2019-11-30,0.10166230366492147,191
2019-12-01,0.16080387596899226,129
2019-12-02,0.11578370370370371,135
2019-12-03,-0.03711285714285714,140
2019-12-04,0.016947552447552448,143
2019-12-05,0.13232741935483872,124
2019-12-06,0.13909006622516557,151
2019-12-07,0.07369299363057324,157
2019-12-08,0.14665564516129034,124
2019-12-09,0.02181414141414141,99
2019-12-10,0.11672087912087913,91
2019-12-11,0.028989915966386552,119
2019-12-12,-0.008455555555555556,126
2019-12-13,0.06384506172839506,162
2019-12-14,0.004620967741935481,124
2019-12-15,0.1511421568627451,102
2019-12-16,0.08237702702702702,148
2019-12-17,-0.0036198795180722924,166
2019-12-18,0.03891309090909091,275
2019-12-19,0.031255017301038066,289
2019-12-20,0.10941927966101694,472
2019-12-21,-0.01066581920903955,354
2019-12-22,0.06506606060606061,330
2019-12-23,0.07708143459915612,237
2019-12-24,0.012634375000000002,192
2019-12-25,0.044064102564102564,156
2019-12-26,-0.0003673758865248232,141
2019-12-27,0.029463475177304965,282
2019-12-28,0.034562800000000005,250
2019-12-29,0.09409794520547944,146
2019-12-30,0.041409782608695656,184
2019-12-31,0.038954395604395606,182
2020-01-01,0.12194880000000001,125
2020-01-02,0.08501969696969697,132
2020-01-03,0.029819047619047617,126
2020-01-04,0.11047058823529413,85
2020-01-05,0.11674492753623189,69
2020-01-06,0.3246759036144578,83
2020-01-07,0.12938101265822785,79
2020-01-08,0.34233278688524593,61
2020-01-09,0.27190377358490564,53
2020-01-10,0.06412698412698413,63
2020-01-11,0.068740625,64
2020-01-12,0.1444065573770492,61
2020-01-13,0.20796805555555556,72
2020-01-14,0.20542545454545452,55
2020-01-15,0.06394878048780488,41
2020-01-16,0.07522285714285715,70
2020-01-17,0.17453055555555555,72
2020-01-18,0.03180344827586207,58
2020-01-19,0.22027619047619046,42
2020-01-20,0.3504196078431373,51
2020-01-21,0.12088181818181817,44
2020-01-22,0.17067115384615386,52
2020-01-23,0.23202127659574467,47
2020-01-24,0.19168035714285714,56
2020-01-25,0.19652826086956524,46
2020-01-26,0.18814411764705882,34
2020-01-27,0.06636379310344828,58
2020-01-28,0.20530363636363638,55
2020-01-29,0.2407375,40
2020-01-30,0.20359545454545455,44
2020-01-31,0.0948921568627451,51
2020-02-01,0.19377,50
2020-02-02,0.2793925925925926,27
2020-02-03,0.21417846153846154,65
2020-02-04,0.21513505154639173,97
2020-02-05,0.2784413333333333,75
2020-02-06,-0.05331730769230769,104
2020-02-07,0.0744515625,64
2020-02-08,0.09844,45
2020-02-09,0.24225789473684212,38
2020-02-10,0.30325599999999997,50
2020-02-11,0.18978809523809526,42
2020-02-12,0.3924888888888889,36
2020-02-13,0.08588536585365854,41
2020-02-14,0.1354843137254902,51
2020-02-15,0.24922857142857144,42
2020-02-16,0.18648857142857142,35
2020-02-17,0.34216976744186045,43
2020-02-18,0.16402727272727272,33
2020-02-19,0.2746863636363636,44
2020-02-20,-0.030789999999999998,60
2020-02-21,0.1251516129032258,62
2020-02-22,0.19874117647058823,34
2020-02-23,0.13278235294117646,34
2020-02-24,0.017119999999999996,40
2020-02-25,0.17325819672131146,122
2020-02-26,0.037613432835820894,67
2020-02-27,0.08798727272727272,55
2020-02-28,0.15678461538461536,52
2020-02-29,0.1855340425531915,47
2020-03-01,0.22195263157894737,38
2020-03-02,0.05395098039215686,51
2020-03-03,0.12910689655172414,58
2020-03-04,0.24993870967741935,31
2020-03-05,0.056097142857142866,35
2020-03-06,0.13445135135135136,37
2020-03-07,0.30753555555555556,45
2020-03-08,0.3095921052631579,38
2020-03-09,0.25599830508474575,59
2020-03-10,0.33872195121951215,41
2020-03-11,0.17012278481012658,79
2020-03-12,-0.0020785714285714275,154
2020-03-13,0.14014315789473683,95
2020-03-14,0.03967230769230769,65
2020-03-15,0.3264655737704918,61
2020-03-16,0.046875,48
2020-03-17,0.137438,50
2020-03-18,0.16448571428571432,49
2020-03-19,0.19054807692307693,52
2020-03-20,0.13935,68
2020-03-21,0.04932909090909092,55
2020-03-22,0.2524054054054054,37
2020-03-23,0.2305435897435897,39
2020-03-24,0.1082395061728395,81
2020-03-25,0.14889615384615384,52
2020-03-26,0.2145936170212766,47
2020-03-27,0.16456515151515153,66
2020-03-28,0.19410697674418606,43
2020-03-29,0.25809807692307696,52
2020-03-30,0.09781311475409837,61
2020-03-31,0.08465818181818183,55
2020-04-01,-0.02714237288135593,59
2020-04-02,0.012091228070175439,57
2020-04-03,0.21472833333333333,60
2020-04-04,0.128125,40
2020-04-05,0.20164418604651163,43
2020-04-06,0.22773846153846153,52
2020-04-07,0.14559607843137254,51
2020-04-08,0.242512,50
2020-04-09,0.0002320000000000033,75
2020-04-10,0.011845098039215692,51
2020-04-11,0.27738032786885247,61
2020-04-12,0.17991999999999997,45
2020-04-13,0.16172424242424244,66
2020-04-14,0.18070943396226416,53
2020-04-15,0.03640851063829787,47
2020-04-16,0.3275558139534884,43
2020-04-17,0.1518,49
2020-04-18,0.1526051282051282,39
2020-04-19,0.309003125,32
2020-04-20,0.24473692307692307,65
2020-04-21,0.09029622641509434,53
2020-04-22,0.2647272727272727,33
2020-04-23,0.2035574074074074,54
2020-04-24,0.18588653846153846,52
2020-04-25,0.0703575,40
2020-04-26,0.22068333333333334,42
2020-04-27,0.20879999999999999,50
2020-04-28,-0.08455869565217392,46
2020-04-29,0.0695375,40
2020-04-30,0.17780250000000003,40
2020-05-01,0.16623673469387756,49
2020-05-02,0.2119159090909091,44
2020-05-03,0.08036071428571427,28
2020-05-04,0.12577000000000002,70
2020-05-05,0.1627457831325301,83
2020-05-06,0.03854528301886792,53
2020-05-07,0.23921142857142855,35
2020-05-08,0.20323333333333332,42
2020-05-09,-0.06762857142857143,28
2020-05-10,-0.06813,30
2020-05-11,0.15912380952380953,42
2020-05-12,0.1939348484848485,66
2020-05-13,0.01659491525423728,59
2020-05-14,0.12450769230769232,39
2020-05-15,0.045702702702702706,37
2020-05-16,0.09535882352941177,34
2020-05-17,0.2778785714285714,28
2020-05-18,0.20963000000000004,40
2020-05-19,0.19182,50
2020-05-20,0.08222564102564102,39
2020-05-21,0.11709487179487181,39
2020-05-22,0.301365625,32
2020-05-23,0.29087575757575757,33
2020-05-24,0.29054090909090907,44
2020-05-25,0.009350000000000008,22
2020-05-26,0.10374705882352941,51
2020-05-27,0.15522285714285716,35
2020-05-28,0.23712,25
2020-05-29,0.17559230769230771,26
2020-05-30,0.19434166666666666,24
2020-05-31,-0.05332142857142857,14
2020-06-01,0.08195454545454545,22
2020-06-02,0.421446875,32
2020-06-03,0.11248799999999999,25
2020-06-04,0.20054285714285713,28
2020-06-05,0.3316,7
2020-06-06,0.518,22
2020-06-07,0.15117083333333334,24
2020-06-08,0.23734000000000002,20
2020-06-09,0.3601541666666667,24
2020-06-10,0.23561612903225806,31
2020-06-11,0.03323333333333333,33
2020-06-12,0.1441195652173913,46
2020-06-13,-0.01713939393939394,33
2020-06-14,0.2602107142857143,28
2020-06-15,0.08080277777777778,36
2020-06-16,-0.05088181818181819,22
2020-06-17,0.14967837837837838,37
2020-06-18,0.2503708333333333,24
2020-06-19,0.12045882352941177,34
2020-06-20,0.464665,20
2020-06-21,0.570269696969697,33
2020-06-22,0.2712765957446808,47
2020-06-23,-0.014643999999999996,25
2020-06-24,0.2854555555555556,27
2020-06-25,0.18149200000000001,50
2020-06-26,0.033885,40
2020-06-27,0.030859090909090902,22
2020-06-28,0.009667346938775509,49
2020-06-29,0.1811205128205128,39
2020-06-30,0.3118037037037037,27
2020-07-01,0.3592592592592592,27
2020-07-02,0.1452037037037037,27
2020-07-03,0.15384166666666668,60
2020-07-04,0.23468958333333334,48
2020-07-05,0.39769629629629627,27
2020-07-06,0.2685153846153846,39
2020-07-07,0.003915151515151518,33
2020-07-08,0.24558333333333332,30
2020-07-09,0.05085333333333333,30
2020-07-10,0.078421875,32
2020-07-11,0.3034103448275862,29
2020-07-12,0.3647322580645161,31
2020-07-13,0.24781739130434782,23
2020-07-14,0.32860689655172415,29
2020-07-15,0.32856842105263157,38
2020-07-16,0.24630000000000002,33
2020-07-17,0.2276931818181818,44
2020-07-18,0.14287368421052632,19
2020-07-19,0.12992916666666668,24
2020-07-20,0.34559999999999996,31
2020-07-21,0.3624782608695652,23
2020-07-22,0.18708695652173912,23
2020-07-23,0.19899411764705882,17
2020-07-24,0.10096363636363637,33
2020-07-25,0.17795714285714287,28
2020-07-26,0.4814454545454545,22
2020-07-27,0.019380769230769233,26
2020-07-28,0.12623333333333334,30
2020-07-29,0.16992,35
2020-07-30,0.32505384615384614,26
2020-07-31,0.31738387096774195,31
2020-08-01,0.550195,20
2020-08-02,0.22909444444444446,18
2020-08-03,0.532424,25
2020-08-04,0.12770689655172413,58
2020-08-05,0.043727272727272726,33
2020-08-06,0.19362962962962962,27
2020-08-07,0.29958181818181817,22
2020-08-08,0.18318181818181817,33
2020-08-09,0.10703809523809525,21
2020-08-10,0.438384,25
2020-08-11,0.3220411764705883,17
2020-08-12,0.33151153846153847,26
2020-08-13,0.41825454545454543,22
2020-08-14,0.28180645161290324,31
2020-08-15,0.2455434782608696,23
2020-08-16,0.12534583333333332,24
2020-08-17,0.42570357142857146,28
2020-08-18,0.26007857142857144,28
2020-08-19,0.19558499999999998,20
2020-08-20,0.3475058823529412,17
2020-08-21,0.23607727272727272,22
2020-08-22,0.22868125,16
2020-08-23,-0.06661874999999999,16
2020-08-24,0.17436428571428572,14
2020-08-25,0.29223611111111114,36
2020-08-26,0.099585,20
2020-08-27,0.07182666666666666,15
2020-08-28,0.42293333333333333,24
2020-08-29,-0.2200551724137931,58
2020-08-30,0.14725000000000002,24
2020-08-31,0.15030740740740742,27
2020-09-01,0.533486956521739,23
2020-09-02,0.22946111111111112,54
2020-09-03,0.3051055555555556,18
2020-09-04,0.3059904761904762,42
2020-09-05,0.26363414634146337,41
2020-09-06,0.4076657894736842,38
2020-09-07,0.3491266666666667,30
2020-09-08,0.28239473684210525,38
2020-09-09,0.2217,28
2020-09-10,0.2285851851851852,27
2020-09-11,0.15994250000000002,40
2020-09-12,0.08585263157894737,19
2020-09-13,0.1731782608695652,23
2020-09-14,0.48235882352941184,34
2020-09-15,0.10864347826086958,92
2020-09-16,0.344734375,32
2020-09-17,0.3032818181818182,44
2020-09-18,0.3589269230769231,26
2020-09-19,0.26269230769230767,26
2020-09-20,0.16497647058823528,34
2020-09-21,0.38378181818181817,33
2020-09-22,0.3867,29
2020-09-23,0.26859285714285713,28
2020-09-24,0.314175,36
2020-09-25,0.10037586206896551,29
2020-09-26,0.20709259259259258,27
2020-09-27,0.22197826086956524,23
2020-09-28,0.10056923076923076,26
2020-09-29,0.30925454545454545,22
2020-09-30,0.057555555555555554,18
2020-10-01,0.12265384615384615,26
2020-10-02,0.263525,20
2020-10-03,0.026809090909090918,11
2020-10-04,0.3887827586206897,29
2020-10-05,0.42611,20
2020-10-06,0.5108636363636364,22
2020-10-07,0.2308090909090909,11
2020-10-08,0.08905555555555555,27
2020-10-09,0.011072727272727269,22
2020-10-10,0.19994399999999998,25
2020-10-11,0.37271739130434783,23
2020-10-12,0.241625641025641,39
2020-10-13,0.20570312500000001,32
2020-10-14,0.06316129032258064,31
2020-10-15,0.24265365853658538,41
2020-10-16,0.34436470588235296,34
2020-10-17,0.22884761904761902,21
2020-10-18,0.33048235294117645,17
2020-10-19,0.16293666666666667,30
2020-10-20,0.10865641025641025,39
2020-10-21,-0.5042277777777778,18
2020-10-22,0.30054705882352944,17
2020-10-23,0.46056800000000003,25
2020-10-24,0.23856000000000002,30
2020-10-25,0.26955,16
2020-10-26,0.66066,10
2020-10-27,0.096996,25
2020-10-28,0.30272,15
2020-10-29,0.19693829787234043,47
2020-10-30,-0.107725,48
2020-10-31,0.16236363636363638,33
2020-11-01,0.1385170731707317,41
2020-11-02,0.17645,28
2020-11-03,0.03095357142857143,28
2020-11-04,0.1887375,16
2020-11-05,0.2709944444444445,18
2020-11-06,-0.02228095238095238,42
2020-11-07,0.07171714285714285,35
2020-11-08,0.26911052631578947,19
2020-11-09,-0.4017583333333333,12
2020-11-10,0.3090818181818182,22
2020-11-11,0.16003030303030302,33
2020-11-12,0.37020526315789476,38
2020-11-13,0.08329555555555555,45
2020-11-14,0.178092,25
2020-11-15,0.03013142857142856,35
2020-11-16,0.26839393939393935,33
2020-11-17,0.308775,32
2020-11-18,0.29041666666666666,24
2020-11-19,0.5081181818181818,22
2020-11-20,0.1209576923076923,26
2020-11-21,0.087836,25
2020-11-22,0.341796875,32
2020-11-23,0.27413783783783785,37
2020-11-24,0.22398888888888888,27
2020-11-25,0.475476,25
2020-11-26,0.18987272727272728,22
2020-11-27,0.1475,24
2020-11-28,0.2456861111111111,36
2020-11-29,0.30580666666666667,30
2020-11-30,0.25850645161290325,31
2020-12-01,0.3610135135135135,37
2020-12-02,0.11388888888888887,36
2020-12-03,0.20746666666666666,36
2020-12-04,0.3099571428571428,35
2020-12-05,0.25640408163265305,49
2020-12-06,0.14227647058823528,34
2020-12-07,0.40275609756097563,41
2020-12-08,0.2661321428571429,28
2020-12-09,0.40867333333333333,30
2020-12-10,0.16522432432432432,37
2020-12-11,0.31558837209302326,86
2020-12-12,0.3461535714285714,28
2020-12-13,0.29658541666666666,48
2020-12-14,0.17255454545454543,44
2020-12-15,0.28808809523809525,42
2020-12-16,0.437790625,32
2020-12-17,0.056215,20
2020-12-18,0.11149056603773584,53
2020-12-19,0.32060571428571427,35
2020-12-20,0.15066666666666667,36
2020-12-21,0.22361454545454545,55
2020-12-22,0.19216122448979592,49
2020-12-23,0.37322857142857147,35
2020-12-24,0.4592925925925926,27
2020-12-25,0.02947741935483871,31
2020-12-26,0.08018181818181817,33
2020-12-27,0.1938,31
2020-12-28,0.35979347826086955,46
2020-12-29,0.38204583333333336,48
2020-12-30,0.2827936170212766,47
